Age,M Spline,S Spline,L Spline,Male,Param
3,-0.119775594,0.184307362,0,1,fev1
3.25,-0.113955454,0.171160981,0,1,fev1
3.5,-0.108403308,0.158994969,0,1,fev1
3.75,-0.103089676,0.147679297,0,1,fev1
4,-0.098034902,0.137110566,0,1,fev1
4.25,-0.093400837,0.127211229,0,1,fev1
4.5,-0.089323742,0.117916644,0,1,fev1
4.75,-0.085870633,0.109172031,0,1,fev1
5,-0.08301778,0.100933825,0,1,fev1
5.25,-0.080725362,0.093163853,0,1,fev1
5.5,-0.078954147,0.085827647,0,1,fev1
5.75,-0.077625596,0.078894526,0,1,fev1
6,-0.076629683,0.072337153,0,1,fev1
6.25,-0.075875612,0.066130609,0,1,fev1
6.5,-0.075290208,0.060252124,0,1,fev1
6.75,-0.074832888,0.054680771,0,1,fev1
7,-0.074514202,0.049397165,0,1,fev1
7.25,-0.074347806,0.044383519,0,1,fev1
7.5,-0.074343502,0.039623524,0,1,fev1
7.75,-0.074508043,0.035102191,0,1,fev1
8,-0.074823324,0.030805517,0,1,fev1
8.25,-0.0751916,0.026719872,0,1,fev1
8.5,-0.07551283,0.022832583,0,1,fev1
8.75,-0.07570389,0.019132025,0,1,fev1
9,-0.075695829,0.015607502,0,1,fev1
9.25,-0.075431615,0.012249159,0,1,fev1
9.5,-0.074860414,0.009047749,0,1,fev1
9.75,-0.073916845,0.005993827,0,1,fev1
10,-0.072537805,0.003078378,0,1,fev1
10.25,-0.070671054,0.00029313,0,1,fev1
10.5,-0.068273636,-0.002369527,0,1,fev1
10.75,-0.065310536,-0.004916603,0,1,fev1
11,-0.061753529,-0.00735457,0,1,fev1
11.25,-0.057581415,-0.009689409,0,1,fev1
11.5,-0.052812865,-0.011926584,0,1,fev1
11.75,-0.047505135,-0.014071079,0,1,fev1
12,-0.041712276,-0.01612753,0,1,fev1
12.25,-0.035483352,-0.018100261,0,1,fev1
12.5,-0.028862958,-0.019993309,0,1,fev1
12.75,-0.021891672,-0.021810449,0,1,fev1
13,-0.01460646,-0.023555217,0,1,fev1
13.25,-0.007041031,-0.025230925,0,1,fev1
13.5,0.000772006,-0.026840657,0,1,fev1
13.75,0.008773402,-0.0283869,0,1,fev1
14,0.016886095,-0.029871683,0,1,fev1
14.25,0.025040024,-0.031296943,0,1,fev1
14.5,0.033172115,-0.032664538,0,1,fev1
14.75,0.041225603,-0.03397625,0,1,fev1
15,0.049149418,-0.035233793,0,1,fev1
15.25,0.056897642,-0.036438809,0,1,fev1
15.5,0.064429016,-0.037592879,0,1,fev1
15.75,0.071706506,-0.038697519,0,1,fev1
16,0.078696905,-0.039754188,0,1,fev1
16.25,0.085373739,-0.040764216,0,1,fev1
16.5,0.091728764,-0.041728537,0,1,fev1
16.75,0.09775948,-0.042647968,0,1,fev1
17,0.10346408,-0.043523323,0,1,fev1
17.25,0.108841384,-0.044355407,0,1,fev1
17.5,0.113890765,-0.045145017,0,1,fev1
17.75,0.118612098,-0.045892945,0,1,fev1
18,0.123005703,-0.046599967,0,1,fev1
18.25,0.127072297,-0.047266853,0,1,fev1
18.5,0.130812954,-0.04789436,0,1,fev1
18.75,0.134229065,-0.048483234,0,1,fev1
19,0.137322301,-0.049034207,0,1,fev1
19.25,0.140094604,-0.049548003,0,1,fev1
19.5,0.142553,-0.050025371,0,1,fev1
19.75,0.144715578,-0.050467148,0,1,fev1
20,0.146600993,-0.05087416,0,1,fev1
20.25,0.148226832,-0.05124721,0,1,fev1
20.5,0.149609679,-0.051587076,0,1,fev1
20.75,0.150765184,-0.051894517,0,1,fev1
21,0.151708117,-0.052170268,0,1,fev1
21.25,0.152452425,-0.052415044,0,1,fev1
21.5,0.153011281,-0.052629541,0,1,fev1
21.75,0.153397135,-0.052814434,0,1,fev1
22,0.153621752,-0.052970381,0,1,fev1
22.25,0.15369626,-0.053098019,0,1,fev1
22.5,0.153631182,-0.05319797,0,1,fev1
22.75,0.153436475,-0.053270838,0,1,fev1
23,0.153121563,-0.053317212,0,1,fev1
23.25,0.152695354,-0.053337687,0,1,fev1
23.5,0.152166213,-0.05333299,0,1,fev1
23.75,0.151542039,-0.053303868,0,1,fev1
24,0.150830316,-0.053251042,0,1,fev1
24.25,0.150038139,-0.053175207,0,1,fev1
24.5,0.149172229,-0.053077033,0,1,fev1
24.75,0.148238961,-0.052957165,0,1,fev1
25,0.147244378,-0.052816226,0,1,fev1
25.25,0.146194214,-0.052654818,0,1,fev1
25.5,0.145093904,-0.052473519,0,1,fev1
25.75,0.143948606,-0.052272891,0,1,fev1
26,0.142763215,-0.052053473,0,1,fev1
26.25,0.141542372,-0.051815788,0,1,fev1
26.5,0.140290484,-0.051560341,0,1,fev1
26.75,0.139011733,-0.05128762,0,1,fev1
27,0.137710088,-0.050998097,0,1,fev1
27.25,0.136389316,-0.050692227,0,1,fev1
27.5,0.135052993,-0.050370453,0,1,fev1
27.75,0.13370446,-0.050033201,0,1,fev1
28,0.132345912,-0.049680914,0,1,fev1
28.25,0.130978568,-0.049314038,0,1,fev1
28.5,0.129603563,-0.048933008,0,1,fev1
28.75,0.128221973,-0.048538243,0,1,fev1
29,0.126834828,-0.048130148,0,1,fev1
29.25,0.125443106,-0.047709114,0,1,fev1
29.5,0.124047741,-0.04727552,0,1,fev1
29.75,0.122649622,-0.046829733,0,1,fev1
30,0.121249596,-0.046372107,0,1,fev1
30.25,0.11984847,-0.045902984,0,1,fev1
30.5,0.118447015,-0.045422697,0,1,fev1
30.75,0.117045962,-0.044931568,0,1,fev1
31,0.11564601,-0.044429906,0,1,fev1
31.25,0.114247825,-0.043918014,0,1,fev1
31.5,0.11285204,-0.043396184,0,1,fev1
31.75,0.11145926,-0.042864698,0,1,fev1
32,0.110070059,-0.04232383,0,1,fev1
32.25,0.108684985,-0.041773847,0,1,fev1
32.5,0.107304559,-0.041215005,0,1,fev1
32.75,0.105929279,-0.040647554,0,1,fev1
33,0.104559617,-0.040071737,0,1,fev1
33.25,0.103195985,-0.039487789,0,1,fev1
33.5,0.101838102,-0.038895943,0,1,fev1
33.75,0.100485103,-0.03829643,0,1,fev1
34,0.099136143,-0.037689471,0,1,fev1
34.25,0.097790409,-0.037075285,0,1,fev1
34.5,0.096447126,-0.036454081,0,1,fev1
34.75,0.095105549,-0.035826064,0,1,fev1
35,0.093764967,-0.035191432,0,1,fev1
35.25,0.092424697,-0.034550377,0,1,fev1
35.5,0.091084086,-0.033903086,0,1,fev1
35.75,0.089742509,-0.033249739,0,1,fev1
36,0.088399368,-0.032590514,0,1,fev1
36.25,0.087054089,-0.031925581,0,1,fev1
36.5,0.085706124,-0.031255106,0,1,fev1
36.75,0.084354948,-0.030579251,0,1,fev1
37,0.083000059,-0.029898173,0,1,fev1
37.25,0.081640976,-0.029212023,0,1,fev1
37.5,0.080277239,-0.028520951,0,1,fev1
37.75,0.078908408,-0.027825101,0,1,fev1
38,0.077534064,-0.027124612,0,1,fev1
38.25,0.076153802,-0.02641962,0,1,fev1
38.5,0.07476724,-0.025710259,0,1,fev1
38.75,0.07337401,-0.024996657,0,1,fev1
39,0.07197376,-0.02427894,0,1,fev1
39.25,0.070566155,-0.023557229,0,1,fev1
39.5,0.069150874,-0.022831643,0,1,fev1
39.75,0.067727613,-0.022102298,0,1,fev1
40,0.06629601,-0.021369316,0,1,fev1
40.25,0.064855563,-0.02063284,0,1,fev1
40.5,0.063405765,-0.019893012,0,1,fev1
40.75,0.061946131,-0.01914997,0,1,fev1
41,0.060476196,-0.018403848,0,1,fev1
41.25,0.058995517,-0.017654776,0,1,fev1
41.5,0.057503667,-0.016902881,0,1,fev1
41.75,0.056000239,-0.016148285,0,1,fev1
42,0.054484844,-0.015391107,0,1,fev1
42.25,0.052957109,-0.014631464,0,1,fev1
42.5,0.051416678,-0.013869468,0,1,fev1
42.75,0.04986321,-0.013105228,0,1,fev1
43,0.048296381,-0.01233885,0,1,fev1
43.25,0.04671588,-0.011570438,0,1,fev1
43.5,0.045121411,-0.010800091,0,1,fev1
43.75,0.043512691,-0.010027908,0,1,fev1
44,0.04188945,-0.009253983,0,1,fev1
44.25,0.040251431,-0.008478407,0,1,fev1
44.5,0.03859839,-0.007701271,0,1,fev1
44.75,0.036930093,-0.006922662,0,1,fev1
45,0.035246319,-0.006142663,0,1,fev1
45.25,0.033546857,-0.005361358,0,1,fev1
45.5,0.031831507,-0.004578825,0,1,fev1
45.75,0.030100079,-0.003795143,0,1,fev1
46,0.028352392,-0.003010387,0,1,fev1
46.25,0.026588275,-0.002224631,0,1,fev1
46.5,0.024807568,-0.001437946,0,1,fev1
46.75,0.023010116,-0.000650401,0,1,fev1
47,0.021195775,0.000137935,0,1,fev1
47.25,0.019364409,0.000926998,0,1,fev1
47.5,0.01751589,0.001716724,0,1,fev1
47.75,0.015650106,0.002507049,0,1,fev1
48,0.01376715,0.003297898,0,1,fev1
48.25,0.011867282,0.004089186,0,1,fev1
48.5,0.009950768,0.004880829,0,1,fev1
48.75,0.008017865,0.005672745,0,1,fev1
49,0.006068828,0.006464856,0,1,fev1
49.25,0.004103907,0.007257085,0,1,fev1
49.5,0.002123347,0.008049357,0,1,fev1
49.75,0.00012739,0.0088416,0,1,fev1
50,-0.001883729,0.009633744,0,1,fev1
50.25,-0.003909776,0.01042572,0,1,fev1
50.5,-0.005950523,0.011217462,0,1,fev1
50.75,-0.008005745,0.012008905,0,1,fev1
51,-0.010075221,0.012799988,0,1,fev1
51.25,-0.012158735,0.013590648,0,1,fev1
51.5,-0.014256074,0.014380826,0,1,fev1
51.75,-0.016367027,0.015170467,0,1,fev1
52,-0.018491388,0.015959512,0,1,fev1
52.25,-0.020628956,0.01674791,0,1,fev1
52.5,-0.022779531,0.017535606,0,1,fev1
52.75,-0.024942918,0.01832255,0,1,fev1
53,-0.027118923,0.019108692,0,1,fev1
53.25,-0.029307358,0.019893984,0,1,fev1
53.5,-0.031508036,0.020678379,0,1,fev1
53.75,-0.033720775,0.021461831,0,1,fev1
54,-0.035945394,0.022244298,0,1,fev1
54.25,-0.038181717,0.023025735,0,1,fev1
54.5,-0.040429568,0.023806101,0,1,fev1
54.75,-0.042688778,0.024585356,0,1,fev1
55,-0.044959178,0.02536346,0,1,fev1
55.25,-0.0472406,0.026140376,0,1,fev1
55.5,-0.049532884,0.026916067,0,1,fev1
55.75,-0.051835867,0.027690496,0,1,fev1
56,-0.054149393,0.02846363,0,1,fev1
56.25,-0.056473305,0.029235434,0,1,fev1
56.5,-0.058807451,0.030005875,0,1,fev1
56.75,-0.061151681,0.030774922,0,1,fev1
57,-0.063505845,0.031542545,0,1,fev1
57.25,-0.065869786,0.032308712,0,1,fev1
57.5,-0.068243156,0.033073397,0,1,fev1
57.75,-0.070625485,0.033836572,0,1,fev1
58,-0.073016305,0.034598212,0,1,fev1
58.25,-0.075415163,0.035358291,0,1,fev1
58.5,-0.077821613,0.036116785,0,1,fev1
58.75,-0.080235222,0.036873671,0,1,fev1
59,-0.082655565,0.037628925,0,1,fev1
59.25,-0.085082228,0.038382526,0,1,fev1
59.5,-0.087514805,0.039134452,0,1,fev1
59.75,-0.089952901,0.039884683,0,1,fev1
60,-0.092396128,0.040633199,0,1,fev1
60.25,-0.094844108,0.041379979,0,1,fev1
60.5,-0.097296472,0.042125006,0,1,fev1
60.75,-0.099752858,0.042868261,0,1,fev1
61,-0.102212913,0.043609727,0,1,fev1
61.25,-0.104676293,0.044349387,0,1,fev1
61.5,-0.10714266,0.045087224,0,1,fev1
61.75,-0.109611685,0.045823222,0,1,fev1
62,-0.112083045,0.046557367,0,1,fev1
62.25,-0.114556426,0.047289644,0,1,fev1
62.5,-0.11703152,0.048020037,0,1,fev1
62.75,-0.119508027,0.048748535,0,1,fev1
63,-0.121985652,0.049475123,0,1,fev1
63.25,-0.124464109,0.050199788,0,1,fev1
63.5,-0.126943118,0.050922519,0,1,fev1
63.75,-0.129422402,0.051643303,0,1,fev1
64,-0.131901696,0.052362129,0,1,fev1
64.25,-0.134380736,0.053078986,0,1,fev1
64.5,-0.136859266,0.053793864,0,1,fev1
64.75,-0.139337037,0.054506752,0,1,fev1
65,-0.141813804,0.05521764,0,1,fev1
65.25,-0.144289328,0.05592652,0,1,fev1
65.5,-0.146763375,0.056633383,0,1,fev1
65.75,-0.149235717,0.057338218,0,1,fev1
66,-0.151706132,0.05804102,0,1,fev1
66.25,-0.154174401,0.058741779,0,1,fev1
66.5,-0.156640311,0.059440488,0,1,fev1
66.75,-0.159103655,0.060137139,0,1,fev1
67,-0.161564228,0.060831727,0,1,fev1
67.25,-0.164021833,0.061524244,0,1,fev1
67.5,-0.166476276,0.062214683,0,1,fev1
67.75,-0.168927365,0.06290304,0,1,fev1
68,-0.171374918,0.063589309,0,1,fev1
68.25,-0.173818752,0.064273483,0,1,fev1
68.5,-0.17625869,0.064955558,0,1,fev1
68.75,-0.178694583,0.065635532,0,1,fev1
69,-0.181126344,0.066313411,0,1,fev1
69.25,-0.183553895,0.066989202,0,1,fev1
69.5,-0.185977165,0.067662911,0,1,fev1
69.75,-0.188396079,0.068334547,0,1,fev1
70,-0.190810569,0.069004114,0,1,fev1
70.25,-0.193220565,0.069671622,0,1,fev1
70.5,-0.195626,0.070337076,0,1,fev1
70.75,-0.19802681,0.071000484,0,1,fev1
71,-0.200422931,0.071661853,0,1,fev1
71.25,-0.202814301,0.07232119,0,1,fev1
71.5,-0.20520086,0.072978501,0,1,fev1
71.75,-0.20758255,0.073633794,0,1,fev1
72,-0.209959313,0.074287076,0,1,fev1
72.25,-0.212331093,0.074938354,0,1,fev1
72.5,-0.214697837,0.075587635,0,1,fev1
72.75,-0.217059492,0.076234926,0,1,fev1
73,-0.219416006,0.076880233,0,1,fev1
73.25,-0.22176733,0.077523564,0,1,fev1
73.5,-0.224113414,0.078164926,0,1,fev1
73.75,-0.226454213,0.078804326,0,1,fev1
74,-0.228789679,0.079441771,0,1,fev1
74.25,-0.231119767,0.080077267,0,1,fev1
74.5,-0.233444435,0.080710822,0,1,fev1
74.75,-0.23576364,0.081342442,0,1,fev1
75,-0.238077342,0.081972135,0,1,fev1
75.25,-0.240385499,0.082599908,0,1,fev1
75.5,-0.242688073,0.083225766,0,1,fev1
75.75,-0.244985027,0.083849718,0,1,fev1
76,-0.247276324,0.08447177,0,1,fev1
76.25,-0.249561928,0.085091929,0,1,fev1
76.5,-0.251841804,0.085710202,0,1,fev1
76.75,-0.25411592,0.086326595,0,1,fev1
77,-0.256384243,0.086941116,0,1,fev1
77.25,-0.258646741,0.08755377,0,1,fev1
77.5,-0.260903384,0.088164566,0,1,fev1
77.75,-0.263154141,0.08877351,0,1,fev1
78,-0.265398986,0.089380608,0,1,fev1
78.25,-0.267637888,0.089985868,0,1,fev1
78.5,-0.269870822,0.090589295,0,1,fev1
78.75,-0.272097762,0.091190897,0,1,fev1
79,-0.274318682,0.091790681,0,1,fev1
79.25,-0.276533557,0.092388653,0,1,fev1
79.5,-0.278742365,0.092984819,0,1,fev1
79.75,-0.280945083,0.093579187,0,1,fev1
80,-0.283141688,0.094171762,0,1,fev1
80.25,-0.285332159,0.094762552,0,1,fev1
80.5,-0.287516476,0.095351563,0,1,fev1
80.75,-0.289694618,0.095938802,0,1,fev1
81,-0.291866568,0.096524275,0,1,fev1
81.25,-0.294032305,0.097107989,0,1,fev1
81.5,-0.296191814,0.09768995,0,1,fev1
81.75,-0.298345076,0.098270165,0,1,fev1
82,-0.300492075,0.098848639,0,1,fev1
82.25,-0.302632799,0.099425381,0,1,fev1
82.5,-0.304767258,0.100000397,0,1,fev1
82.75,-0.306895487,0.100573699,0,1,fev1
83,-0.309017518,0.101145296,0,1,fev1
83.25,-0.311133385,0.101715197,0,1,fev1
83.5,-0.313243119,0.102283413,0,1,fev1
83.75,-0.315346752,0.102849953,0,1,fev1
84,-0.317444317,0.103414826,0,1,fev1
84.25,-0.319535846,0.103978043,0,1,fev1
84.5,-0.32162137,0.104539612,0,1,fev1
84.75,-0.323700919,0.105099542,0,1,fev1
85,-0.325774525,0.105657843,0,1,fev1
85.25,-0.32784222,0.106214524,0,1,fev1
85.5,-0.329904032,0.106769595,0,1,fev1
85.75,-0.331959993,0.107323063,0,1,fev1
86,-0.334010132,0.107874938,0,1,fev1
86.25,-0.33605448,0.108425229,0,1,fev1
86.5,-0.338093066,0.108973944,0,1,fev1
86.75,-0.340125919,0.109521092,0,1,fev1
87,-0.342153068,0.110066682,0,1,fev1
87.25,-0.344174543,0.110610723,0,1,fev1
87.5,-0.346190371,0.111153222,0,1,fev1
87.75,-0.348200582,0.111694188,0,1,fev1
88,-0.350205204,0.11223363,0,1,fev1
88.25,-0.352204265,0.112771555,0,1,fev1
88.5,-0.354197793,0.113307973,0,1,fev1
88.75,-0.356185815,0.113842891,0,1,fev1
89,-0.358168358,0.114376316,0,1,fev1
89.25,-0.360145451,0.114908258,0,1,fev1
89.5,-0.36211712,0.115438724,0,1,fev1
89.75,-0.364083391,0.115967722,0,1,fev1
90,-0.366044293,0.116495259,0,1,fev1
90.25,-0.367999852,0.117021345,0,1,fev1
90.5,-0.369950093,0.117545985,0,1,fev1
90.75,-0.371895041,0.118069188,0,1,fev1
91,-0.373834721,0.118590961,0,1,fev1
91.25,-0.375769158,0.119111312,0,1,fev1
91.5,-0.377698381,0.119630248,0,1,fev1
91.75,-0.37962242,0.120147777,0,1,fev1
92,-0.381541304,0.120663908,0,1,fev1
92.25,-0.38345506,0.121178647,0,1,fev1
92.5,-0.385363712,0.121692002,0,1,fev1
92.75,-0.387267278,0.12220398,0,1,fev1
93,-0.389165781,0.122714586,0,1,fev1
93.25,-0.39105924,0.123223828,0,1,fev1
93.5,-0.392947675,0.123731712,0,1,fev1
93.75,-0.394831107,0.124238244,0,1,fev1
94,-0.396709555,0.124743431,0,1,fev1
94.25,-0.39858304,0.12524728,0,1,fev1
94.5,-0.400451581,0.125749796,0,1,fev1
94.75,-0.402315198,0.126250986,0,1,fev1
95,-0.40417391,0.126750856,0,1,fev1
3,-0.056942565,0.149455893,0,1,fvc
3.25,-0.054262773,0.138593778,0,1,fvc
3.5,-0.051746703,0.12854384,0,1,fvc
3.75,-0.049393772,0.119199604,0,1,fvc
4,-0.047217613,0.110476538,0,1,fvc
4.25,-0.045284107,0.102312293,0,1,fvc
4.5,-0.043646706,0.094654776,0,1,fvc
4.75,-0.042334031,0.087459385,0,1,fvc
5,-0.0413502,0.080690062,0,1,fvc
5.25,-0.04069062,0.074315006,0,1,fvc
5.5,-0.040346354,0.068305417,0,1,fvc
5.75,-0.040287043,0.062635308,0,1,fvc
6,-0.040465397,0.057281204,0,1,fvc
6.25,-0.04084118,0.05222175,0,1,fvc
6.5,-0.041380921,0.047437478,0,1,fvc
6.75,-0.042055096,0.042910563,0,1,fvc
7,-0.042835353,0.038624578,0,1,fvc
7.25,-0.043697519,0.03456448,0,1,fvc
7.5,-0.044621396,0.030716481,0,1,fvc
7.75,-0.045590069,0.027067926,0,1,fvc
8,-0.046580545,0.023607021,0,1,fvc
8.25,-0.047541628,0.020322364,0,1,fvc
8.5,-0.048423714,0.017203371,0,1,fvc
8.75,-0.049185894,0.014240327,0,1,fvc
9,-0.04979453,0.011424295,0,1,fvc
9.25,-0.05022208,0.008747034,0,1,fvc
9.5,-0.050444675,0.006200837,0,1,fvc
9.75,-0.050434067,0.003777988,0,1,fvc
10,-0.050163799,0.001471157,0,1,fvc
10.25,-0.049612291,-0.000726394,0,1,fvc
10.5,-0.04876212,-0.002820878,0,1,fvc
10.75,-0.047599405,-0.004818033,0,1,fvc
11,-0.046113283,-0.006723165,0,1,fvc
11.25,-0.044295848,-0.008541194,0,1,fvc
11.5,-0.042152399,-0.010276713,0,1,fvc
11.75,-0.039700947,-0.011934022,0,1,fvc
12,-0.036958928,-0.013517123,0,1,fvc
12.25,-0.033942579,-0.015029743,0,1,fvc
12.5,-0.030667035,-0.016475362,0,1,fvc
12.75,-0.027146425,-0.017857228,0,1,fvc
13,-0.02339395,-0.019178381,0,1,fvc
13.25,-0.019421961,-0.020441668,0,1,fvc
13.5,-0.015243034,-0.021649754,0,1,fvc
13.75,-0.010885127,-0.022805096,0,1,fvc
14,-0.006386638,-0.023909971,0,1,fvc
14.25,-0.001782701,-0.024966521,0,1,fvc
14.5,0.002894871,-0.025976769,0,1,fvc
14.75,0.007617271,-0.026942623,0,1,fvc
15,0.012358413,-0.027865889,0,1,fvc
15.25,0.017094676,-0.028748273,0,1,fvc
15.5,0.021804675,-0.029591392,0,1,fvc
15.75,0.026469057,-0.030396777,0,1,fvc
16,0.031070313,-0.031165881,0,1,fvc
16.25,0.035592604,-0.031900013,0,1,fvc
16.5,0.040021563,-0.032600091,0,1,fvc
16.75,0.044344203,-0.033266908,0,1,fvc
17,0.048548818,-0.033901236,0,1,fvc
17.25,0.052624865,-0.034503827,0,1,fvc
17.5,0.056562868,-0.035075414,0,1,fvc
17.75,0.060354319,-0.035616711,0,1,fvc
18,0.063991603,-0.036128414,0,1,fvc
18.25,0.067467915,-0.036611198,0,1,fvc
18.5,0.070777195,-0.037065724,0,1,fvc
18.75,0.073914063,-0.037492632,0,1,fvc
19,0.076873763,-0.037892547,0,1,fvc
19.25,0.079652118,-0.038266077,0,1,fvc
19.5,0.082248345,-0.038613779,0,1,fvc
19.75,0.084668541,-0.038936125,0,1,fvc
20,0.086919473,-0.039233567,0,1,fvc
20.25,0.089007595,-0.039506551,0,1,fvc
20.5,0.090939061,-0.039755517,0,1,fvc
20.75,0.092719741,-0.039980894,0,1,fvc
21,0.094355241,-0.040183109,0,1,fvc
21.25,0.095850915,-0.040362578,0,1,fvc
21.5,0.097211879,-0.040519711,0,1,fvc
21.75,0.098443024,-0.040654911,0,1,fvc
22,0.099549029,-0.040768573,0,1,fvc
22.25,0.100534369,-0.040861085,0,1,fvc
22.5,0.101403331,-0.040932828,0,1,fvc
22.75,0.102160019,-0.040984176,0,1,fvc
23,0.102808364,-0.041015495,0,1,fvc
23.25,0.103352414,-0.041027168,0,1,fvc
23.5,0.103797587,-0.0410197,0,1,fvc
23.75,0.10414958,-0.040993626,0,1,fvc
24,0.104413805,-0.04094946,0,1,fvc
24.25,0.10459541,-0.040887701,0,1,fvc
24.5,0.104699293,-0.040808829,0,1,fvc
24.75,0.104730112,-0.040713307,0,1,fvc
25,0.104692301,-0.040601584,0,1,fvc
25.25,0.10459008,-0.040474093,0,1,fvc
25.5,0.104427469,-0.040331253,0,1,fvc
25.75,0.104208294,-0.040173469,0,1,fvc
26,0.103936201,-0.040001133,0,1,fvc
26.25,0.103614664,-0.039814624,0,1,fvc
26.5,0.103246992,-0.039614309,0,1,fvc
26.75,0.102836341,-0.039400543,0,1,fvc
27,0.102385718,-0.03917367,0,1,fvc
27.25,0.101897992,-0.038934023,0,1,fvc
27.5,0.101375896,-0.038681925,0,1,fvc
27.75,0.10082202,-0.038417691,0,1,fvc
28,0.100238459,-0.038141656,0,1,fvc
28.25,0.099626887,-0.03785417,0,1,fvc
28.5,0.098988891,-0.037555575,0,1,fvc
28.75,0.098325994,-0.037246198,0,1,fvc
29,0.097639652,-0.036926358,0,1,fvc
29.25,0.096931261,-0.036596361,0,1,fvc
29.5,0.096202159,-0.036256505,0,1,fvc
29.75,0.095453625,-0.035907077,0,1,fvc
30,0.094686887,-0.035548354,0,1,fvc
30.25,0.09390312,-0.035180607,0,1,fvc
30.5,0.093103452,-0.034804094,0,1,fvc
30.75,0.092288964,-0.034419069,0,1,fvc
31,0.091460691,-0.034025774,0,1,fvc
31.25,0.090619626,-0.033624447,0,1,fvc
31.5,0.089766723,-0.033215317,0,1,fvc
31.75,0.088902894,-0.032798605,0,1,fvc
32,0.088029015,-0.032374526,0,1,fvc
32.25,0.087145926,-0.03194329,0,1,fvc
32.5,0.086254434,-0.031505096,0,1,fvc
32.75,0.085355312,-0.031060143,0,1,fvc
33,0.084449302,-0.030608619,0,1,fvc
33.25,0.083537089,-0.03015071,0,1,fvc
33.5,0.08261885,-0.029686611,0,1,fvc
33.75,0.081694336,-0.029216521,0,1,fvc
34,0.080763297,-0.028740637,0,1,fvc
34.25,0.079825496,-0.028259148,0,1,fvc
34.5,0.078880711,-0.027772237,0,1,fvc
34.75,0.07792873,-0.027280082,0,1,fvc
35,0.076969355,-0.026782855,0,1,fvc
35.25,0.076002399,-0.026280722,0,1,fvc
35.5,0.075027684,-0.025773845,0,1,fvc
35.75,0.074045046,-0.025262381,0,1,fvc
36,0.073054326,-0.024746482,0,1,fvc
36.25,0.072055379,-0.024226296,0,1,fvc
36.5,0.071048067,-0.023701965,0,1,fvc
36.75,0.070032261,-0.023173628,0,1,fvc
37,0.069007839,-0.022641419,0,1,fvc
37.25,0.067974689,-0.022105471,0,1,fvc
37.5,0.066932706,-0.021565908,0,1,fvc
37.75,0.06588179,-0.021022854,0,1,fvc
38,0.064821851,-0.020476429,0,1,fvc
38.25,0.063752803,-0.019926748,0,1,fvc
38.5,0.062674569,-0.019373924,0,1,fvc
38.75,0.061587075,-0.018818067,0,1,fvc
39,0.060490255,-0.018259282,0,1,fvc
39.25,0.059384048,-0.017697672,0,1,fvc
39.5,0.058268397,-0.017133338,0,1,fvc
39.75,0.057143252,-0.016566378,0,1,fvc
40,0.056008528,-0.015996891,0,1,fvc
40.25,0.054864057,-0.015424992,0,1,fvc
40.5,0.053709668,-0.014850794,0,1,fvc
40.75,0.052545197,-0.014274406,0,1,fvc
41,0.05137049,-0.013695933,0,1,fvc
41.25,0.050185402,-0.013115479,0,1,fvc
41.5,0.048989794,-0.012533143,0,1,fvc
41.75,0.047783539,-0.011949023,0,1,fvc
42,0.046566513,-0.011363211,0,1,fvc
42.25,0.045338602,-0.010775799,0,1,fvc
42.5,0.044099697,-0.010186877,0,1,fvc
42.75,0.042849698,-0.009596528,0,1,fvc
43,0.041588509,-0.009004838,0,1,fvc
43.25,0.040316042,-0.008411887,0,1,fvc
43.5,0.039032214,-0.007817752,0,1,fvc
43.75,0.037736948,-0.007222512,0,1,fvc
44,0.036430171,-0.006626239,0,1,fvc
44.25,0.035111819,-0.006029005,0,1,fvc
44.5,0.033781829,-0.005430881,0,1,fvc
44.75,0.032440144,-0.004831934,0,1,fvc
45,0.031086714,-0.004232229,0,1,fvc
45.25,0.029721489,-0.003631832,0,1,fvc
45.5,0.028344428,-0.003030803,0,1,fvc
45.75,0.026955491,-0.002429203,0,1,fvc
46,0.025554642,-0.00182709,0,1,fvc
46.25,0.024141852,-0.001224522,0,1,fvc
46.5,0.022717092,-0.000621554,0,1,fvc
46.75,0.021280337,-1.82E-05,0,1,fvc
47,0.019831568,0.000585371,0,1,fvc
47.25,0.018370767,0.001189225,0,1,fvc
47.5,0.016897919,0.001793275,0,1,fvc
47.75,0.015413021,0.002397471,0,1,fvc
48,0.013916223,0.003001762,0,1,fvc
48.25,0.012407804,0.003606091,0,1,fvc
48.5,0.010888041,0.004210404,0,1,fvc
48.75,0.009357207,0.004814648,0,1,fvc
49,0.007815566,0.005418772,0,1,fvc
49.25,0.006263378,0.006022726,0,1,fvc
49.5,0.004700898,0.00662646,0,1,fvc
49.75,0.003128373,0.007229928,0,1,fvc
50,0.001546046,0.007833085,0,1,fvc
50.25,-4.58E-05,0.008435886,0,1,fvc
50.5,-0.001647068,0.009038287,0,1,fvc
50.75,-0.003257396,0.009640248,0,1,fvc
51,-0.004876606,0.010241727,0,1,fvc
51.25,-0.00650448,0.010842685,0,1,fvc
51.5,-0.008140806,0.011443085,0,1,fvc
51.75,-0.009785375,0.012042888,0,1,fvc
52,-0.011437984,0.012642058,0,1,fvc
52.25,-0.013098433,0.013240562,0,1,fvc
52.5,-0.014766526,0.013838365,0,1,fvc
52.75,-0.016442073,0.014435433,0,1,fvc
53,-0.018124886,0.015031736,0,1,fvc
53.25,-0.019814782,0.015627242,0,1,fvc
53.5,-0.021511583,0.016221921,0,1,fvc
53.75,-0.023215111,0.016815744,0,1,fvc
54,-0.024925196,0.017408682,0,1,fvc
54.25,-0.02664167,0.018000709,0,1,fvc
54.5,-0.028364366,0.018591798,0,1,fvc
54.75,-0.030093124,0.019181922,0,1,fvc
55,-0.031827787,0.019771057,0,1,fvc
55.25,-0.033568198,0.020359179,0,1,fvc
55.5,-0.035314207,0.020946264,0,1,fvc
55.75,-0.037065664,0.021532289,0,1,fvc
56,-0.038822425,0.022117233,0,1,fvc
56.25,-0.040584347,0.022701074,0,1,fvc
56.5,-0.042351291,0.02328379,0,1,fvc
56.75,-0.044123119,0.023865363,0,1,fvc
57,-0.045899697,0.024445772,0,1,fvc
57.25,-0.047680889,0.025025,0,1,fvc
57.5,-0.049466466,0.025603028,0,1,fvc
57.75,-0.051256144,0.02617984,0,1,fvc
58,-0.053049639,0.02675542,0,1,fvc
58.25,-0.054846677,0.027329755,0,1,fvc
58.5,-0.05664699,0.027902827,0,1,fvc
58.75,-0.058450314,0.028474625,0,1,fvc
59,-0.060256395,0.029045133,0,1,fvc
59.25,-0.062064981,0.029614339,0,1,fvc
59.5,-0.063875828,0.03018223,0,1,fvc
59.75,-0.065688698,0.030748794,0,1,fvc
60,-0.067503357,0.031314018,0,1,fvc
60.25,-0.069319578,0.031877891,0,1,fvc
60.5,-0.071137139,0.032440402,0,1,fvc
60.75,-0.072955821,0.033001541,0,1,fvc
61,-0.074775414,0.033561296,0,1,fvc
61.25,-0.076595709,0.034119659,0,1,fvc
61.5,-0.078416504,0.034676619,0,1,fvc
61.75,-0.080237603,0.035232167,0,1,fvc
62,-0.082058811,0.035786295,0,1,fvc
62.25,-0.08387994,0.036338993,0,1,fvc
62.5,-0.085700806,0.036890254,0,1,fvc
62.75,-0.08752123,0.03744007,0,1,fvc
63,-0.089341034,0.037988433,0,1,fvc
63.25,-0.091160049,0.038535336,0,1,fvc
63.5,-0.092978106,0.039080772,0,1,fvc
63.75,-0.094795041,0.039624734,0,1,fvc
64,-0.096610696,0.040167216,0,1,fvc
64.25,-0.098424914,0.040708212,0,1,fvc
64.5,-0.100237541,0.041247716,0,1,fvc
64.75,-0.102048431,0.041785722,0,1,fvc
65,-0.103857437,0.042322224,0,1,fvc
65.25,-0.105664417,0.042857219,0,1,fvc
65.5,-0.107469234,0.0433907,0,1,fvc
65.75,-0.109271751,0.043922664,0,1,fvc
66,-0.111071836,0.044453106,0,1,fvc
66.25,-0.112869361,0.044982021,0,1,fvc
66.5,-0.1146642,0.045509406,0,1,fvc
66.75,-0.116456229,0.046035257,0,1,fvc
67,-0.118245329,0.046559571,0,1,fvc
67.25,-0.120031382,0.047082344,0,1,fvc
67.5,-0.121814275,0.047603573,0,1,fvc
67.75,-0.123593896,0.048123255,0,1,fvc
68,-0.125370135,0.048641387,0,1,fvc
68.25,-0.127142886,0.049157967,0,1,fvc
68.5,-0.128912046,0.049672992,0,1,fvc
68.75,-0.13067753,0.050186462,0,1,fvc
69,-0.132439298,0.05069838,0,1,fvc
69.25,-0.134197317,0.051208751,0,1,fvc
69.5,-0.135951557,0.051717581,0,1,fvc
69.75,-0.137701986,0.052224872,0,1,fvc
70,-0.139448577,0.05273063,0,1,fvc
70.25,-0.141191299,0.05323486,0,1,fvc
70.5,-0.142930126,0.053737566,0,1,fvc
70.75,-0.144665031,0.054238752,0,1,fvc
71,-0.146395987,0.054738424,0,1,fvc
71.25,-0.14812297,0.055236586,0,1,fvc
71.5,-0.149845955,0.055733243,0,1,fvc
71.75,-0.151564919,0.056228399,0,1,fvc
72,-0.153279838,0.05672206,0,1,fvc
72.25,-0.154990691,0.057214229,0,1,fvc
72.5,-0.156697457,0.057704912,0,1,fvc
72.75,-0.158400114,0.058194114,0,1,fvc
73,-0.160098642,0.058681838,0,1,fvc
73.25,-0.161793024,0.05916809,0,1,fvc
73.5,-0.163483238,0.059652875,0,1,fvc
73.75,-0.165169269,0.060136197,0,1,fvc
74,-0.166851098,0.060618061,0,1,fvc
74.25,-0.168528709,0.061098472,0,1,fvc
74.5,-0.170202086,0.061577434,0,1,fvc
74.75,-0.171871212,0.062054952,0,1,fvc
75,-0.173536074,0.062531032,0,1,fvc
75.25,-0.175196656,0.063005677,0,1,fvc
75.5,-0.176852945,0.063478893,0,1,fvc
75.75,-0.178504928,0.063950683,0,1,fvc
76,-0.180152592,0.064421054,0,1,fvc
76.25,-0.181795924,0.06489001,0,1,fvc
76.5,-0.183434913,0.065357555,0,1,fvc
76.75,-0.185069547,0.065823694,0,1,fvc
77,-0.186699817,0.066288432,0,1,fvc
77.25,-0.188325711,0.066751774,0,1,fvc
77.5,-0.189947219,0.067213724,0,1,fvc
77.75,-0.191564333,0.067674287,0,1,fvc
78,-0.193177044,0.068133468,0,1,fvc
78.25,-0.194785342,0.068591271,0,1,fvc
78.5,-0.19638922,0.069047702,0,1,fvc
78.75,-0.19798867,0.069502764,0,1,fvc
79,-0.199583686,0.069956463,0,1,fvc
79.25,-0.201174259,0.070408804,0,1,fvc
79.5,-0.202760384,0.07085979,0,1,fvc
79.75,-0.204342055,0.071309426,0,1,fvc
80,-0.205919265,0.071757718,0,1,fvc
80.25,-0.20749201,0.07220467,0,1,fvc
80.5,-0.209060284,0.072650286,0,1,fvc
80.75,-0.210624083,0.073094571,0,1,fvc
81,-0.212183402,0.07353753,0,1,fvc
81.25,-0.213738238,0.073979168,0,1,fvc
81.5,-0.215288587,0.074419488,0,1,fvc
81.75,-0.216834445,0.074858496,0,1,fvc
82,-0.21837581,0.075296195,0,1,fvc
82.25,-0.219912679,0.075732592,0,1,fvc
82.5,-0.221445066,0.076167691,0,1,fvc
82.75,-0.222972994,0.076601501,0,1,fvc
83,-0.224496486,0.077034028,0,1,fvc
83.25,-0.226015566,0.07746528,0,1,fvc
83.5,-0.227530256,0.077895263,0,1,fvc
83.75,-0.229040579,0.078323986,0,1,fvc
84,-0.230546559,0.078751454,0,1,fvc
84.25,-0.232048217,0.079177675,0,1,fvc
84.5,-0.233545576,0.079602656,0,1,fvc
84.75,-0.235038658,0.080026404,0,1,fvc
85,-0.236527485,0.080448924,0,1,fvc
85.25,-0.238012079,0.080870225,0,1,fvc
85.5,-0.239492462,0.081290313,0,1,fvc
85.75,-0.240968655,0.081709194,0,1,fvc
86,-0.242440679,0.082126875,0,1,fvc
86.25,-0.243908556,0.082543362,0,1,fvc
86.5,-0.245372307,0.082958662,0,1,fvc
86.75,-0.246831952,0.083372781,0,1,fvc
87,-0.248287512,0.083785727,0,1,fvc
87.25,-0.249739008,0.084197504,0,1,fvc
87.5,-0.25118646,0.084608119,0,1,fvc
87.75,-0.252629889,0.085017578,0,1,fvc
88,-0.254069314,0.085425888,0,1,fvc
88.25,-0.255504755,0.085833055,0,1,fvc
88.5,-0.256936233,0.086239085,0,1,fvc
88.75,-0.258363767,0.086643983,0,1,fvc
89,-0.259787376,0.087047756,0,1,fvc
89.25,-0.26120708,0.087450409,0,1,fvc
89.5,-0.262622898,0.087851949,0,1,fvc
89.75,-0.264034849,0.088252381,0,1,fvc
90,-0.265442953,0.088651712,0,1,fvc
90.25,-0.266847228,0.089049946,0,1,fvc
90.5,-0.268247693,0.08944709,0,1,fvc
90.75,-0.269644366,0.089843148,0,1,fvc
91,-0.271037262,0.090238127,0,1,fvc
91.25,-0.272426401,0.090632032,0,1,fvc
91.5,-0.273811803,0.091024869,0,1,fvc
91.75,-0.275193491,0.091416643,0,1,fvc
92,-0.276571486,0.091807362,0,1,fvc
92.25,-0.277945809,0.09219703,0,1,fvc
92.5,-0.279316473,0.092585653,0,1,fvc
92.75,-0.280683494,0.092973235,0,1,fvc
93,-0.282046886,0.093359781,0,1,fvc
93.25,-0.283406661,0.093745296,0,1,fvc
93.5,-0.284762834,0.094129784,0,1,fvc
93.75,-0.286115419,0.094513251,0,1,fvc
94,-0.287464428,0.0948957,0,1,fvc
94.25,-0.288809876,0.095277137,0,1,fvc
94.5,-0.290151776,0.095657566,0,1,fvc
94.75,-0.291490141,0.096036991,0,1,fvc
95,-0.292824984,0.096415417,0,1,fvc
3,-0.034939538,0.01755124,0,1,fev1fvc
3.25,-0.033925617,0.0221529,0,1,fev1fvc
3.5,-0.033064707,0.026377944,0,1,fev1fvc
3.75,-0.032374779,0.030225016,0,1,fev1fvc
4,-0.031865347,0.033665118,0,1,fev1fvc
4.25,-0.03153899,0.03665079,0,1,fev1fvc
4.5,-0.031379908,0.039135686,0,1,fev1fvc
4.75,-0.031372024,0.041108046,0,1,fev1fvc
5,-0.031492321,0.042596322,0,1,fev1fvc
5.25,-0.031687496,0.043662055,0,1,fev1fvc
5.5,-0.031892379,0.044381505,0,1,fev1fvc
5.75,-0.032050965,0.044814446,0,1,fev1fvc
6,-0.032117366,0.04501273,0,1,fev1fvc
6.25,-0.032066548,0.04502296,0,1,fev1fvc
6.5,-0.031893944,0.044882986,0,1,fev1fvc
6.75,-0.031598629,0.044626511,0,1,fev1fvc
7,-0.031175746,0.044271869,0,1,fev1fvc
7.25,-0.03062899,0.043819595,0,1,fev1fvc
7.5,-0.029974671,0.043257301,0,1,fev1fvc
7.75,-0.029235174,0.042569823,0,1,fev1fvc
8,-0.028435729,0.041741105,0,1,fev1fvc
8.25,-0.027599974,0.040752118,0,1,fev1fvc
8.5,-0.026746036,0.039582986,0,1,fev1fvc
8.75,-0.025882223,0.038233467,0,1,fev1fvc
9,-0.024978945,0.036751685,0,1,fev1fvc
9.25,-0.023989789,0.03520758,0,1,fev1fvc
9.5,-0.022875358,0.033668013,0,1,fev1fvc
9.75,-0.021609078,0.032185617,0,1,fev1fvc
10,-0.020173925,0.030798272,0,1,fev1fvc
10.25,-0.01856,0.029531439,0,1,fev1fvc
10.5,-0.016764709,0.028398948,0,1,fev1fvc
10.75,-0.014790651,0.027407663,0,1,fev1fvc
11,-0.012645459,0.026562318,0,1,fev1fvc
11.25,-0.010342114,0.025863005,0,1,fev1fvc
11.5,-0.007899562,0.025303362,0,1,fev1fvc
11.75,-0.005341256,0.024874178,0,1,fev1fvc
12,-0.00269177,0.024563815,0,1,fev1fvc
12.25,2.39E-05,0.024359257,0,1,fev1fvc
12.5,0.002779972,0.024243716,0,1,fev1fvc
12.75,0.005550851,0.02419839,0,1,fev1fvc
13,0.008311922,0.024204644,0,1,fev1fvc
13.25,0.011040879,0.024245236,0,1,fev1fvc
13.5,0.013717783,0.024304884,0,1,fev1fvc
13.75,0.016325151,0.02437092,0,1,fev1fvc
14,0.018847292,0.024432178,0,1,fev1fvc
14.25,0.0212696,0.024476893,0,1,fev1fvc
14.5,0.023579136,0.024493244,0,1,fev1fvc
14.75,0.025765707,0.024471153,0,1,fev1fvc
15,0.027821511,0.0244019,0,1,fev1fvc
15.25,0.029740964,0.024278415,0,1,fev1fvc
15.5,0.031520366,0.02409507,0,1,fev1fvc
15.75,0.033158149,0.023847746,0,1,fev1fvc
16,0.034654166,0.023533943,0,1,fev1fvc
16.25,0.036009509,0.023152924,0,1,fev1fvc
16.5,0.037227498,0.022705226,0,1,fev1fvc
16.75,0.038312872,0.022191606,0,1,fev1fvc
17,0.039270883,0.021612804,0,1,fev1fvc
17.25,0.040106827,0.020969752,0,1,fev1fvc
17.5,0.040826321,0.020263937,0,1,fev1fvc
17.75,0.041435324,0.019497286,0,1,fev1fvc
18,0.041939718,0.018671858,0,1,fev1fvc
18.25,0.042345354,0.017789909,0,1,fev1fvc
18.5,0.042658641,0.016854992,0,1,fev1fvc
18.75,0.042886016,0.015870864,0,1,fev1fvc
19,0.043033726,0.014840877,0,1,fev1fvc
19.25,0.043107697,0.013768374,0,1,fev1fvc
19.5,0.043113368,0.012657416,0,1,fev1fvc
19.75,0.043055735,0.011512017,0,1,fev1fvc
20,0.042939412,0.010335984,0,1,fev1fvc
20.25,0.042768847,0.00913302,0,1,fev1fvc
20.5,0.042548586,0.007906602,0,1,fev1fvc
20.75,0.042283077,0.006660033,0,1,fev1fvc
21,0.041976643,0.005396413,0,1,fev1fvc
21.25,0.041633364,0.004118707,0,1,fev1fvc
21.5,0.041256878,0.00282972,0,1,fev1fvc
21.75,0.040850533,0.001531999,0,1,fev1fvc
22,0.040417461,0.000227949,0,1,fev1fvc
22.25,0.039960552,-0.00107999,0,1,fev1fvc
22.5,0.039482359,-0.002389467,0,1,fev1fvc
22.75,0.0389853,-0.00369825,0,1,fev1fvc
23,0.038471711,-0.005004279,0,1,fev1fvc
23.25,0.037943744,-0.006305684,0,1,fev1fvc
23.5,0.037403189,-0.007600732,0,1,fev1fvc
23.75,0.03685169,-0.008887798,0,1,fev1fvc
24,0.036290841,-0.010165307,0,1,fev1fvc
24.25,0.035722131,-0.011431734,0,1,fev1fvc
24.5,0.035146854,-0.012685512,0,1,fev1fvc
24.75,0.034566225,-0.013925127,0,1,fev1fvc
25,0.033981428,-0.01514917,0,1,fev1fvc
25.25,0.033393577,-0.01635626,0,1,fev1fvc
25.5,0.032803597,-0.017544681,0,1,fev1fvc
25.75,0.032212316,-0.018712685,0,1,fev1fvc
26,0.031620531,-0.019858591,0,1,fev1fvc
26.25,0.031029015,-0.020980785,0,1,fev1fvc
26.5,0.030438422,-0.022077715,0,1,fev1fvc
26.75,0.029849329,-0.023147909,0,1,fev1fvc
27,0.029262244,-0.024189964,0,1,fev1fvc
27.25,0.028677634,-0.025202541,0,1,fev1fvc
27.5,0.028095899,-0.026184314,0,1,fev1fvc
27.75,0.027517402,-0.027133962,0,1,fev1fvc
28,0.026942503,-0.028050214,0,1,fev1fvc
28.25,0.026371535,-0.028931923,0,1,fev1fvc
28.5,0.025804734,-0.029778186,0,1,fev1fvc
28.75,0.025242287,-0.030588207,0,1,fev1fvc
29,0.0246844,-0.031361205,0,1,fev1fvc
29.25,0.024131279,-0.032096402,0,1,fev1fvc
29.5,0.023583073,-0.032793049,0,1,fev1fvc
29.75,0.023039887,-0.033450455,0,1,fev1fvc
30,0.022501808,-0.034067995,0,1,fev1fvc
30.25,0.021968905,-0.034645147,0,1,fev1fvc
30.5,0.021441167,-0.035181631,0,1,fev1fvc
30.75,0.020918542,-0.035677253,0,1,fev1fvc
31,0.020400952,-0.036131842,0,1,fev1fvc
31.25,0.019888292,-0.036545282,0,1,fev1fvc
31.5,0.019380366,-0.036917567,0,1,fev1fvc
31.75,0.018876933,-0.037248713,0,1,fev1fvc
32,0.018377747,-0.037538767,0,1,fev1fvc
32.25,0.017882577,-0.037787807,0,1,fev1fvc
32.5,0.0173912,-0.037996034,0,1,fev1fvc
32.75,0.016903399,-0.038163668,0,1,fev1fvc
33,0.016418939,-0.038290925,0,1,fev1fvc
33.25,0.015937573,-0.038377998,0,1,fev1fvc
33.5,0.015458996,-0.038425025,0,1,fev1fvc
33.75,0.014982889,-0.038432125,0,1,fev1fvc
34,0.014508933,-0.038399416,0,1,fev1fvc
34.25,0.014036849,-0.038327004,0,1,fev1fvc
34.5,0.013566473,-0.038214999,0,1,fev1fvc
34.75,0.01309769,-0.038063486,0,1,fev1fvc
35,0.012630404,-0.037872532,0,1,fev1fvc
35.25,0.012164561,-0.037642211,0,1,fev1fvc
35.5,0.011700136,-0.037372631,0,1,fev1fvc
35.75,0.011237103,-0.037063915,0,1,fev1fvc
36,0.010775431,-0.036716206,0,1,fev1fvc
36.25,0.010315107,-0.036329688,0,1,fev1fvc
36.5,0.009856156,-0.035904622,0,1,fev1fvc
36.75,0.00939863,-0.035441292,0,1,fev1fvc
37,0.008942585,-0.034939952,0,1,fev1fvc
37.25,0.008488068,-0.034400872,0,1,fev1fvc
37.5,0.008035079,-0.033824379,0,1,fev1fvc
37.75,0.007583618,-0.033210809,0,1,fev1fvc
38,0.007133684,-0.032560508,0,1,fev1fvc
38.25,0.006685275,-0.031873847,0,1,fev1fvc
38.5,0.006238411,-0.031151208,0,1,fev1fvc
38.75,0.005793124,-0.030392952,0,1,fev1fvc
39,0.005349458,-0.029599422,0,1,fev1fvc
39.25,0.004907443,-0.02877097,0,1,fev1fvc
39.5,0.004467099,-0.027908004,0,1,fev1fvc
39.75,0.004028433,-0.027010938,0,1,fev1fvc
40,0.003591451,-0.026080176,0,1,fev1fvc
40.25,0.003156162,-0.025116118,0,1,fev1fvc
40.5,0.002722596,-0.024119172,0,1,fev1fvc
40.75,0.002290793,-0.023089744,0,1,fev1fvc
41,0.001860799,-0.022028226,0,1,fev1fvc
41.25,0.001432648,-0.020935001,0,1,fev1fvc
41.5,0.001006361,-0.019810437,0,1,fev1fvc
41.75,0.000581943,-0.018654887,0,1,fev1fvc
42,0.000159386,-0.017468703,0,1,fev1fvc
42.25,-0.000261316,-0.016252268,0,1,fev1fvc
42.5,-0.000680136,-0.015006035,0,1,fev1fvc
42.75,-0.001097037,-0.013730463,0,1,fev1fvc
43,-0.001511981,-0.01242601,0,1,fev1fvc
43.25,-0.001924938,-0.011093151,0,1,fev1fvc
43.5,-0.002335884,-0.009732389,0,1,fev1fvc
43.75,-0.002744805,-0.008344222,0,1,fev1fvc
44,-0.003151699,-0.006929132,0,1,fev1fvc
44.25,-0.00355657,-0.005487604,0,1,fev1fvc
44.5,-0.003959413,-0.00402015,0,1,fev1fvc
44.75,-0.004360223,-0.002527274,0,1,fev1fvc
45,-0.004759005,-0.001009467,0,1,fev1fvc
45.25,-0.005155784,0.000532769,0,1,fev1fvc
45.5,-0.005550617,0.002098882,0,1,fev1fvc
45.75,-0.005943572,0.003688313,0,1,fev1fvc
46,-0.006334722,0.005300503,0,1,fev1fvc
46.25,-0.006724152,0.006934894,0,1,fev1fvc
46.5,-0.007111954,0.008590905,0,1,fev1fvc
46.75,-0.00749822,0.010267956,0,1,fev1fvc
47,-0.007883047,0.011965483,0,1,fev1fvc
47.25,-0.008266525,0.013682929,0,1,fev1fvc
47.5,-0.008648726,0.015419752,0,1,fev1fvc
47.75,-0.009029712,0.017175427,0,1,fev1fvc
48,-0.00940954,0.01894945,0,1,fev1fvc
48.25,-0.009788254,0.020741347,0,1,fev1fvc
48.5,-0.010165848,0.022550727,0,1,fev1fvc
48.75,-0.010542305,0.024377222,0,1,fev1fvc
49,-0.010917616,0.026220461,0,1,fev1fvc
49.25,-0.011291769,0.028080074,0,1,fev1fvc
49.5,-0.011664739,0.029955659,0,1,fev1fvc
49.75,-0.012036503,0.031846813,0,1,fev1fvc
50,-0.012407048,0.033753141,0,1,fev1fvc
50.25,-0.012776372,0.035674245,0,1,fev1fvc
50.5,-0.013144495,0.037609715,0,1,fev1fvc
50.75,-0.013511449,0.039559142,0,1,fev1fvc
51,-0.013877272,0.041522129,0,1,fev1fvc
51.25,-0.014242002,0.043498275,0,1,fev1fvc
51.5,-0.014605669,0.04548716,0,1,fev1fvc
51.75,-0.014968299,0.047488369,0,1,fev1fvc
52,-0.015329917,0.0495015,0,1,fev1fvc
52.25,-0.015690551,0.051526157,0,1,fev1fvc
52.5,-0.016050213,0.053561945,0,1,fev1fvc
52.75,-0.016408921,0.055608475,0,1,fev1fvc
53,-0.016766695,0.057665355,0,1,fev1fvc
53.25,-0.017123547,0.059732195,0,1,fev1fvc
53.5,-0.017479464,0.061808616,0,1,fev1fvc
53.75,-0.017834433,0.063894248,0,1,fev1fvc
54,-0.018188443,0.065988728,0,1,fev1fvc
54.25,-0.018541485,0.068091695,0,1,fev1fvc
54.5,-0.018893538,0.070202794,0,1,fev1fvc
54.75,-0.019244581,0.072321675,0,1,fev1fvc
55,-0.019594596,0.074447997,0,1,fev1fvc
55.25,-0.019943573,0.076581435,0,1,fev1fvc
55.5,-0.020291501,0.078721676,0,1,fev1fvc
55.75,-0.020638364,0.08086842,0,1,fev1fvc
56,-0.020984153,0.083021379,0,1,fev1fvc
56.25,-0.021328857,0.085180262,0,1,fev1fvc
56.5,-0.021672465,0.087344769,0,1,fev1fvc
56.75,-0.02201497,0.089514611,0,1,fev1fvc
57,-0.022356371,0.091689499,0,1,fev1fvc
57.25,-0.02269667,0.093869141,0,1,fev1fvc
57.5,-0.023035862,0.096053223,0,1,fev1fvc
57.75,-0.02337394,0.098241428,0,1,fev1fvc
58,-0.023710902,0.100433447,0,1,fev1fvc
58.25,-0.024046751,0.102628977,0,1,fev1fvc
58.5,-0.024381503,0.104827733,0,1,fev1fvc
58.75,-0.024715176,0.107029437,0,1,fev1fvc
59,-0.025047792,0.109233818,0,1,fev1fvc
59.25,-0.025379371,0.111440611,0,1,fev1fvc
59.5,-0.025709917,0.113649561,0,1,fev1fvc
59.75,-0.02603943,0.115860426,0,1,fev1fvc
60,-0.026367909,0.11807297,0,1,fev1fvc
60.25,-0.026695356,0.120286958,0,1,fev1fvc
60.5,-0.027021783,0.122502132,0,1,fev1fvc
60.75,-0.027347208,0.124718233,0,1,fev1fvc
61,-0.027671649,0.126935006,0,1,fev1fvc
61.25,-0.027995128,0.129152207,0,1,fev1fvc
61.5,-0.028317659,0.131369604,0,1,fev1fvc
61.75,-0.028639262,0.133586973,0,1,fev1fvc
62,-0.028959947,0.135804097,0,1,fev1fvc
62.25,-0.029279731,0.13802076,0,1,fev1fvc
62.5,-0.029598631,0.140236731,0,1,fev1fvc
62.75,-0.029916666,0.142451781,0,1,fev1fvc
63,-0.030233855,0.144665683,0,1,fev1fvc
63.25,-0.030550215,0.146878215,0,1,fev1fvc
63.5,-0.030865754,0.149089165,0,1,fev1fvc
63.75,-0.031180476,0.151298328,0,1,fev1fvc
64,-0.031494384,0.153505505,0,1,fev1fvc
64.25,-0.031807482,0.155710499,0,1,fev1fvc
64.5,-0.032119781,0.157913119,0,1,fev1fvc
64.75,-0.032431297,0.160113179,0,1,fev1fvc
65,-0.032742042,0.162310495,0,1,fev1fvc
65.25,-0.033052033,0.164504894,0,1,fev1fvc
65.5,-0.033361282,0.166696219,0,1,fev1fvc
65.75,-0.033669805,0.168884318,0,1,fev1fvc
66,-0.033977614,0.171069048,0,1,fev1fvc
66.25,-0.034284722,0.173250267,0,1,fev1fvc
66.5,-0.034591137,0.175427849,0,1,fev1fvc
66.75,-0.034896865,0.177601671,0,1,fev1fvc
67,-0.035201913,0.179771615,0,1,fev1fvc
67.25,-0.035506283,0.181937564,0,1,fev1fvc
67.5,-0.035809959,0.184099415,0,1,fev1fvc
67.75,-0.036112923,0.18625707,0,1,fev1fvc
68,-0.036415157,0.188410433,0,1,fev1fvc
68.25,-0.036716643,0.190559412,0,1,fev1fvc
68.5,-0.037017357,0.192703925,0,1,fev1fvc
68.75,-0.037317276,0.194843891,0,1,fev1fvc
69,-0.037616377,0.196979232,0,1,fev1fvc
69.25,-0.037914639,0.199109876,0,1,fev1fvc
69.5,-0.038212044,0.201235755,0,1,fev1fvc
69.75,-0.038508574,0.203356801,0,1,fev1fvc
70,-0.03880421,0.205472949,0,1,fev1fvc
70.25,-0.039098936,0.207584138,0,1,fev1fvc
70.5,-0.03939273,0.209690323,0,1,fev1fvc
70.75,-0.039685568,0.21179146,0,1,fev1fvc
71,-0.03997743,0.213887511,0,1,fev1fvc
71.25,-0.040268298,0.215978436,0,1,fev1fvc
71.5,-0.040558156,0.218064202,0,1,fev1fvc
71.75,-0.04084699,0.220144778,0,1,fev1fvc
72,-0.04113479,0.22222013,0,1,fev1fvc
72.25,-0.041421545,0.224290225,0,1,fev1fvc
72.5,-0.04170725,0.226355034,0,1,fev1fvc
72.75,-0.041991899,0.228414528,0,1,fev1fvc
73,-0.04227549,0.230468683,0,1,fev1fvc
73.25,-0.042558019,0.232517471,0,1,fev1fvc
73.5,-0.042839482,0.234560872,0,1,fev1fvc
73.75,-0.043119876,0.236598867,0,1,fev1fvc
74,-0.043399198,0.238631437,0,1,fev1fvc
74.25,-0.043677446,0.240658567,0,1,fev1fvc
74.5,-0.043954622,0.242680246,0,1,fev1fvc
74.75,-0.044230727,0.244696464,0,1,fev1fvc
75,-0.044505761,0.246707212,0,1,fev1fvc
75.25,-0.044779728,0.248712479,0,1,fev1fvc
75.5,-0.045052628,0.250712261,0,1,fev1fvc
75.75,-0.045324463,0.25270655,0,1,fev1fvc
76,-0.045595232,0.254695343,0,1,fev1fvc
76.25,-0.04586494,0.256678632,0,1,fev1fvc
76.5,-0.046133591,0.258656407,0,1,fev1fvc
76.75,-0.046401195,0.260628661,0,1,fev1fvc
77,-0.046667758,0.262595384,0,1,fev1fvc
77.25,-0.04693329,0.26455657,0,1,fev1fvc
77.5,-0.047197799,0.266512217,0,1,fev1fvc
77.75,-0.047461295,0.268462322,0,1,fev1fvc
78,-0.047723786,0.270406884,0,1,fev1fvc
78.25,-0.047985281,0.272345905,0,1,fev1fvc
78.5,-0.048245787,0.274279389,0,1,fev1fvc
78.75,-0.048505313,0.276207344,0,1,fev1fvc
79,-0.048763867,0.278129776,0,1,fev1fvc
79.25,-0.049021458,0.280046689,0,1,fev1fvc
79.5,-0.049278096,0.281958087,0,1,fev1fvc
79.75,-0.049533794,0.283863971,0,1,fev1fvc
80,-0.049788563,0.285764342,0,1,fev1fvc
80.25,-0.050042413,0.287659206,0,1,fev1fvc
80.5,-0.050295355,0.289548573,0,1,fev1fvc
80.75,-0.0505474,0.291432459,0,1,fev1fvc
81,-0.050798558,0.29331088,0,1,fev1fvc
81.25,-0.051048837,0.295183855,0,1,fev1fvc
81.5,-0.051298246,0.297051402,0,1,fev1fvc
81.75,-0.051546793,0.298913541,0,1,fev1fvc
82,-0.051794487,0.300770291,0,1,fev1fvc
82.25,-0.052041336,0.302621674,0,1,fev1fvc
82.5,-0.052287345,0.304467707,0,1,fev1fvc
82.75,-0.052532524,0.306308409,0,1,fev1fvc
83,-0.052776879,0.308143798,0,1,fev1fvc
83.25,-0.053020418,0.309973891,0,1,fev1fvc
83.5,-0.053263148,0.311798707,0,1,fev1fvc
83.75,-0.053505077,0.313618262,0,1,fev1fvc
84,-0.053746213,0.315432574,0,1,fev1fvc
84.25,-0.053986564,0.31724166,0,1,fev1fvc
84.5,-0.054226138,0.319045536,0,1,fev1fvc
84.75,-0.054464944,0.320844219,0,1,fev1fvc
85,-0.054702992,0.322637725,0,1,fev1fvc
85.25,-0.054940288,0.324426071,0,1,fev1fvc
85.5,-0.055176842,0.326209278,0,1,fev1fvc
85.75,-0.05541266,0.327987368,0,1,fev1fvc
86,-0.05564775,0.329760361,0,1,fev1fvc
86.25,-0.05588212,0.33152828,0,1,fev1fvc
86.5,-0.056115776,0.333291143,0,1,fev1fvc
86.75,-0.056348726,0.335048971,0,1,fev1fvc
87,-0.056580978,0.336801784,0,1,fev1fvc
87.25,-0.056812539,0.338549603,0,1,fev1fvc
87.5,-0.057043414,0.340292453,0,1,fev1fvc
87.75,-0.05727361,0.342030359,0,1,fev1fvc
88,-0.057503132,0.343763346,0,1,fev1fvc
88.25,-0.057731987,0.345491441,0,1,fev1fvc
88.5,-0.05796018,0.34721467,0,1,fev1fvc
88.75,-0.058187715,0.348933058,0,1,fev1fvc
89,-0.058414597,0.35064663,0,1,fev1fvc
89.25,-0.058640832,0.352355414,0,1,fev1fvc
89.5,-0.058866424,0.354059434,0,1,fev1fvc
89.75,-0.059091376,0.355758716,0,1,fev1fvc
90,-0.059315692,0.357453286,0,1,fev1fvc
90.25,-0.059539377,0.359143169,0,1,fev1fvc
90.5,-0.059762435,0.36082839,0,1,fev1fvc
90.75,-0.059984869,0.362508972,0,1,fev1fvc
91,-0.060206685,0.364184941,0,1,fev1fvc
91.25,-0.060427885,0.365856321,0,1,fev1fvc
91.5,-0.060648475,0.367523134,0,1,fev1fvc
91.75,-0.060868457,0.369185406,0,1,fev1fvc
92,-0.061087838,0.370843159,0,1,fev1fvc
92.25,-0.061306619,0.372496417,0,1,fev1fvc
92.5,-0.061524806,0.374145204,0,1,fev1fvc
92.75,-0.061742401,0.375789544,0,1,fev1fvc
93,-0.061959409,0.37742946,0,1,fev1fvc
93.25,-0.062175831,0.379064976,0,1,fev1fvc
93.5,-0.062391673,0.380696114,0,1,fev1fvc
93.75,-0.062606937,0.382322899,0,1,fev1fvc
94,-0.062821626,0.383945353,0,1,fev1fvc
94.25,-0.063035744,0.385563499,0,1,fev1fvc
94.5,-0.063249294,0.387177359,0,1,fev1fvc
94.75,-0.063462279,0.388786956,0,1,fev1fvc
95,-0.063674703,0.390392312,0,1,fev1fvc
3,-0.209550778,0.313300389,0,0,fev1
3.25,-0.200666434,0.288280448,0,0,fev1
3.5,-0.19246748,0.265145552,0,0,fev1
3.75,-0.184888212,0.243660411,0,0,fev1
4,-0.177913213,0.223661208,0,0,fev1
4.25,-0.171527454,0.205011666,0,0,fev1
4.5,-0.165697533,0.187599579,0,0,fev1
4.75,-0.160365599,0.171342117,0,0,fev1
5,-0.155478634,0.156163622,0,0,fev1
5.25,-0.150984713,0.141994266,0,0,fev1
5.5,-0.146786643,0.128779429,0,0,fev1
5.75,-0.142781891,0.116471401,0,0,fev1
6,-0.138890127,0.105023469,0,0,fev1
6.25,-0.13504849,0.094390462,0,0,fev1
6.5,-0.131208076,0.084528851,0,0,fev1
6.75,-0.127330865,0.075397095,0,0,fev1
7,-0.123387223,0.066955942,0,0,fev1
7.25,-0.119354182,0.059168418,0,0,fev1
7.5,-0.115213076,0.051999337,0,0,fev1
7.75,-0.110937746,0.045410721,0,0,fev1
8,-0.106500168,0.039364403,0,0,fev1
8.25,-0.101878325,0.033825477,0,0,fev1
8.5,-0.097055246,0.028762004,0,0,fev1
8.75,-0.092018086,0.024144699,0,0,fev1
9,-0.0867585,0.019945763,0,0,fev1
9.25,-0.081283162,0.016129752,0,0,fev1
9.5,-0.075606601,0.012658692,0,0,fev1
9.75,-0.06974235,0.009498632,0,0,fev1
10,-0.063702899,0.006619247,0,0,fev1
10.25,-0.057499801,0.003993386,0,0,fev1
10.5,-0.05114375,0.001596692,0,0,fev1
10.75,-0.044645293,-0.000592797,0,0,fev1
11,-0.038030844,-0.002596684,0,0,fev1
11.25,-0.031341549,-0.004436324,0,0,fev1
11.5,-0.024614507,-0.00613098,0,0,fev1
11.75,-0.017882376,-0.00769796,0,0,fev1
12,-0.011173899,-0.009152836,0,0,fev1
12.25,-0.004514363,-0.010509632,0,0,fev1
12.5,0.002074002,-0.011780991,0,0,fev1
12.75,0.008571669,-0.012978324,0,0,fev1
13,0.014961115,-0.014111829,0,0,fev1
13.25,0.021224088,-0.015189926,0,0,fev1
13.5,0.027343303,-0.016219896,0,0,fev1
13.75,0.033303622,-0.017208344,0,0,fev1
14,0.039091821,-0.018161267,0,0,fev1
14.25,0.044696388,-0.019084116,0,0,fev1
14.5,0.050107341,-0.019981846,0,0,fev1
14.75,0.055316062,-0.020858964,0,0,fev1
15,0.060315153,-0.02171957,0,0,fev1
15.25,0.065098312,-0.022567395,0,0,fev1
15.5,0.069660283,-0.023405825,0,0,fev1
15.75,0.074000208,-0.024237441,0,0,fev1
16,0.078122708,-0.025063881,0,0,fev1
16.25,0.082032722,-0.025886584,0,0,fev1
16.5,0.085735078,-0.026706864,0,0,fev1
16.75,0.089234496,-0.02752592,0,0,fev1
17,0.092535584,-0.028344845,0,0,fev1
17.25,0.09564284,-0.029164636,0,0,fev1
17.5,0.098560654,-0.029986204,0,0,fev1
17.75,0.101293308,-0.030810378,0,0,fev1
18,0.103844979,-0.031637911,0,0,fev1
18.25,0.106219737,-0.032469492,0,0,fev1
18.5,0.108421553,-0.033305744,0,0,fev1
18.75,0.11045482,-0.034147093,0,0,fev1
19,0.112327738,-0.034992853,0,0,fev1
19.25,0.114049843,-0.035841901,0,0,fev1
19.5,0.115630128,-0.036693191,0,0,fev1
19.75,0.11707707,-0.037545753,0,0,fev1
20,0.118398662,-0.038398682,0,0,fev1
20.25,0.119602445,-0.039251141,0,0,fev1
20.5,0.120695538,-0.04010235,0,0,fev1
20.75,0.121684663,-0.040951585,0,0,fev1
21,0.122576169,-0.041798173,0,0,fev1
21.25,0.123376059,-0.042641491,0,0,fev1
21.5,0.124090005,-0.043480959,0,0,fev1
21.75,0.124723373,-0.044316039,0,0,fev1
22,0.125281242,-0.045146233,0,0,fev1
22.25,0.125768417,-0.045971078,0,0,fev1
22.5,0.12618943,-0.04679009,0,0,fev1
22.75,0.126548393,-0.04760218,0,0,fev1
23,0.126849083,-0.048405921,0,0,fev1
23.25,0.127095082,-0.049199977,0,0,fev1
23.5,0.12728979,-0.049983104,0,0,fev1
23.75,0.127436434,-0.050754142,0,0,fev1
24,0.127538078,-0.051512011,0,0,fev1
24.25,0.127597631,-0.052255708,0,0,fev1
24.5,0.12761786,-0.052984297,0,0,fev1
24.75,0.12760139,-0.053696913,0,0,fev1
25,0.12755072,-0.054392748,0,0,fev1
25.25,0.127468223,-0.055071056,0,0,fev1
25.5,0.127356157,-0.055731144,0,0,fev1
25.75,0.127216669,-0.056372372,0,0,fev1
26,0.127051801,-0.056994145,0,0,fev1
26.25,0.126863497,-0.057595918,0,0,fev1
26.5,0.126653605,-0.058177185,0,0,fev1
26.75,0.126423886,-0.058737482,0,0,fev1
27,0.126175989,-0.059276379,0,0,fev1
27.25,0.125910729,-0.059793386,0,0,fev1
27.5,0.125628046,-0.060287942,0,0,fev1
27.75,0.125327849,-0.060759523,0,0,fev1
28,0.125010063,-0.061207648,0,0,fev1
28.25,0.124674625,-0.061631871,0,0,fev1
28.5,0.124321487,-0.062031784,0,0,fev1
28.75,0.123950611,-0.06240701,0,0,fev1
29,0.123561972,-0.062757208,0,0,fev1
29.25,0.123155555,-0.063082064,0,0,fev1
29.5,0.122731356,-0.063381294,0,0,fev1
29.75,0.12228938,-0.063654639,0,0,fev1
30,0.121829639,-0.063901867,0,0,fev1
30.25,0.121352156,-0.06412277,0,0,fev1
30.5,0.120856959,-0.064317162,0,0,fev1
30.75,0.120344086,-0.064484877,0,0,fev1
31,0.119813578,-0.064625772,0,0,fev1
31.25,0.119265485,-0.064739719,0,0,fev1
31.5,0.118699862,-0.064826612,0,0,fev1
31.75,0.118116769,-0.064886358,0,0,fev1
32,0.117516272,-0.064918883,0,0,fev1
32.25,0.11689844,-0.064924127,0,0,fev1
32.5,0.116263337,-0.06490205,0,0,fev1
32.75,0.115610789,-0.064852772,0,0,fev1
33,0.114940426,-0.064776551,0,0,fev1
33.25,0.11425189,-0.064673648,0,0,fev1
33.5,0.113544848,-0.064544323,0,0,fev1
33.75,0.112818987,-0.064388836,0,0,fev1
34,0.112074018,-0.064207446,0,0,fev1
34.25,0.111309671,-0.064000408,0,0,fev1
34.5,0.110525694,-0.063767977,0,0,fev1
34.75,0.109721855,-0.063510408,0,0,fev1
35,0.108897938,-0.063227952,0,0,fev1
35.25,0.108053744,-0.062920858,0,0,fev1
35.5,0.10718909,-0.062589376,0,0,fev1
35.75,0.106303807,-0.062233753,0,0,fev1
36,0.105397742,-0.061854231,0,0,fev1
36.25,0.104470754,-0.061451055,0,0,fev1
36.5,0.103522716,-0.061024466,0,0,fev1
36.75,0.102553512,-0.060574701,0,0,fev1
37,0.10156304,-0.060101998,0,0,fev1
37.25,0.100551206,-0.059606591,0,0,fev1
37.5,0.09951793,-0.059088713,0,0,fev1
37.75,0.09846314,-0.058548595,0,0,fev1
38,0.097386774,-0.057986465,0,0,fev1
38.25,0.096288781,-0.057402549,0,0,fev1
38.5,0.095169115,-0.056797072,0,0,fev1
38.75,0.094027742,-0.056170255,0,0,fev1
39,0.092864634,-0.05552232,0,0,fev1
39.25,0.091679801,-0.054853562,0,0,fev1
39.5,0.090473337,-0.054164481,0,0,fev1
39.75,0.08924535,-0.053455599,0,0,fev1
40,0.087995951,-0.052727422,0,0,fev1
40.25,0.086725254,-0.051980442,0,0,fev1
40.5,0.085433373,-0.051215142,0,0,fev1
40.75,0.084120424,-0.050431988,0,0,fev1
41,0.082786527,-0.049631436,0,0,fev1
41.25,0.0814318,-0.04881393,0,0,fev1
41.5,0.080056364,-0.047979904,0,0,fev1
41.75,0.078660343,-0.047129777,0,0,fev1
42,0.077243858,-0.046263962,0,0,fev1
42.25,0.075807035,-0.045382858,0,0,fev1
42.5,0.074349998,-0.044486855,0,0,fev1
42.75,0.072872874,-0.043576333,0,0,fev1
43,0.071375788,-0.042651664,0,0,fev1
43.25,0.069858869,-0.041713208,0,0,fev1
43.5,0.068322244,-0.040761319,0,0,fev1
43.75,0.066766041,-0.039796339,0,0,fev1
44,0.065190389,-0.038818604,0,0,fev1
44.25,0.063595417,-0.037828441,0,0,fev1
44.5,0.061981254,-0.036826169,0,0,fev1
44.75,0.06034803,-0.035812098,0,0,fev1
45,0.058695875,-0.034786534,0,0,fev1
45.25,0.057024917,-0.03374977,0,0,fev1
45.5,0.055335286,-0.032702098,0,0,fev1
45.75,0.053627113,-0.031643798,0,0,fev1
46,0.051900526,-0.030575146,0,0,fev1
46.25,0.050155656,-0.029496411,0,0,fev1
46.5,0.048392631,-0.028407854,0,0,fev1
46.75,0.046611581,-0.027309733,0,0,fev1
47,0.044812637,-0.026202299,0,0,fev1
47.25,0.04299605,-0.025085853,0,0,fev1
47.5,0.041162239,-0.023960769,0,0,fev1
47.75,0.039311623,-0.022827418,0,0,fev1
48,0.037444612,-0.02168616,0,0,fev1
48.25,0.035561607,-0.020537346,0,0,fev1
48.5,0.033663002,-0.019381317,0,0,fev1
48.75,0.031749179,-0.018218406,0,0,fev1
49,0.029820512,-0.017048938,0,0,fev1
49.25,0.027877369,-0.015873226,0,0,fev1
49.5,0.025920107,-0.01469158,0,0,fev1
49.75,0.023949075,-0.013504298,0,0,fev1
50,0.021964617,-0.012311671,0,0,fev1
50.25,0.019967067,-0.011113983,0,0,fev1
50.5,0.017956753,-0.009911511,0,0,fev1
50.75,0.015933993,-0.008704525,0,0,fev1
51,0.013899103,-0.007493286,0,0,fev1
51.25,0.011852387,-0.006278049,0,0,fev1
51.5,0.009794146,-0.005059065,0,0,fev1
51.75,0.007724671,-0.003836576,0,0,fev1
52,0.005644251,-0.002610817,0,0,fev1
52.25,0.003553166,-0.001382019,0,0,fev1
52.5,0.001451689,-0.000150406,0,0,fev1
52.75,-0.00065991,0.001083803,0,0,fev1
53,-0.002781368,0.002320395,0,0,fev1
53.25,-0.00491243,0.003559163,0,0,fev1
53.5,-0.007052842,0.004799905,0,0,fev1
53.75,-0.009202358,0.006042424,0,0,fev1
54,-0.011360738,0.007286528,0,0,fev1
54.25,-0.013527746,0.008532031,0,0,fev1
54.5,-0.015703149,0.009778749,0,0,fev1
54.75,-0.017886723,0.011026506,0,0,fev1
55,-0.020078246,0.012275129,0,0,fev1
55.25,-0.0222775,0.013524449,0,0,fev1
55.5,-0.024484274,0.014774302,0,0,fev1
55.75,-0.02669836,0.016024528,0,0,fev1
56,-0.028919554,0.017274972,0,0,fev1
56.25,-0.031147657,0.018525481,0,0,fev1
56.5,-0.033382474,0.019775907,0,0,fev1
56.75,-0.035623785,0.021026114,0,0,fev1
57,-0.037871298,0.022275989,0,0,fev1
57.25,-0.040124714,0.023525426,0,0,fev1
57.5,-0.04238374,0.024774323,0,0,fev1
57.75,-0.04464809,0.026022577,0,0,fev1
58,-0.046917484,0.027270092,0,0,fev1
58.25,-0.04919165,0.028516771,0,0,fev1
58.5,-0.051470322,0.029762522,0,0,fev1
58.75,-0.053753237,0.031007254,0,0,fev1
59,-0.056040141,0.032250877,0,0,fev1
59.25,-0.058330785,0.033493307,0,0,fev1
59.5,-0.060624925,0.034734459,0,0,fev1
59.75,-0.062922323,0.035974251,0,0,fev1
60,-0.065222747,0.037212604,0,0,fev1
60.25,-0.067525969,0.03844944,0,0,fev1
60.5,-0.069831766,0.039684684,0,0,fev1
60.75,-0.072139921,0.040918261,0,0,fev1
61,-0.074450222,0.042150101,0,0,fev1
61.25,-0.076762461,0.043380133,0,0,fev1
61.5,-0.079076435,0.044608289,0,0,fev1
61.75,-0.081391945,0.045834504,0,0,fev1
62,-0.083708798,0.047058712,0,0,fev1
62.25,-0.086026803,0.04828085,0,0,fev1
62.5,-0.088345775,0.049500859,0,0,fev1
62.75,-0.090665534,0.050718677,0,0,fev1
63,-0.0929859,0.051934248,0,0,fev1
63.25,-0.095306703,0.053147514,0,0,fev1
63.5,-0.097627771,0.054358421,0,0,fev1
63.75,-0.09994894,0.055566915,0,0,fev1
64,-0.102270048,0.056772944,0,0,fev1
64.25,-0.104590936,0.057976458,0,0,fev1
64.5,-0.10691145,0.059177408,0,0,fev1
64.75,-0.109231439,0.060375745,0,0,fev1
65,-0.111550754,0.061571423,0,0,fev1
65.25,-0.113869252,0.062764396,0,0,fev1
65.5,-0.116186791,0.063954621,0,0,fev1
65.75,-0.118503233,0.065142054,0,0,fev1
66,-0.120818444,0.066326654,0,0,fev1
66.25,-0.12313229,0.067508381,0,0,fev1
66.5,-0.125444644,0.068687194,0,0,fev1
66.75,-0.127755379,0.069863056,0,0,fev1
67,-0.130064373,0.07103593,0,0,fev1
67.25,-0.132371504,0.072205778,0,0,fev1
67.5,-0.134676656,0.073372567,0,0,fev1
67.75,-0.136979712,0.074536262,0,0,fev1
68,-0.139280562,0.07569683,0,0,fev1
68.25,-0.141579095,0.076854245,0,0,fev1
68.5,-0.143875203,0.078008502,0,0,fev1
68.75,-0.146168784,0.079159603,0,0,fev1
69,-0.148459734,0.080307548,0,0,fev1
69.25,-0.150747953,0.081452336,0,0,fev1
69.5,-0.153033345,0.082593969,0,0,fev1
69.75,-0.155315815,0.083732447,0,0,fev1
70,-0.157595268,0.084867772,0,0,fev1
70.25,-0.159871614,0.085999946,0,0,fev1
70.5,-0.162144764,0.087128969,0,0,fev1
70.75,-0.164414632,0.088254844,0,0,fev1
71,-0.166681133,0.089377572,0,0,fev1
71.25,-0.168944184,0.090497157,0,0,fev1
71.5,-0.171203704,0.091613599,0,0,fev1
71.75,-0.173459615,0.092726901,0,0,fev1
72,-0.175711838,0.093837067,0,0,fev1
72.25,-0.1779603,0.094944099,0,0,fev1
72.5,-0.180204925,0.096048,0,0,fev1
72.75,-0.182445644,0.097148773,0,0,fev1
73,-0.184682384,0.098246421,0,0,fev1
73.25,-0.186915079,0.099340949,0,0,fev1
73.5,-0.189143661,0.100432358,0,0,fev1
73.75,-0.191368065,0.101520654,0,0,fev1
74,-0.193588228,0.10260584,0,0,fev1
74.25,-0.195804087,0.10368792,0,0,fev1
74.5,-0.198015582,0.104766898,0,0,fev1
74.75,-0.200222654,0.105842778,0,0,fev1
75,-0.202425244,0.106915564,0,0,fev1
75.25,-0.204623297,0.107985262,0,0,fev1
75.5,-0.206816759,0.109051875,0,0,fev1
75.75,-0.209005574,0.110115409,0,0,fev1
76,-0.211189692,0.111175867,0,0,fev1
76.25,-0.213369061,0.112233255,0,0,fev1
76.5,-0.215543631,0.113287579,0,0,fev1
76.75,-0.217713355,0.114338842,0,0,fev1
77,-0.219878185,0.11538705,0,0,fev1
77.25,-0.222038075,0.116432208,0,0,fev1
77.5,-0.22419298,0.117474322,0,0,fev1
77.75,-0.226342857,0.118513397,0,0,fev1
78,-0.228487664,0.119549439,0,0,fev1
78.25,-0.230627358,0.120582453,0,0,fev1
78.5,-0.232761899,0.121612444,0,0,fev1
78.75,-0.234891249,0.122639419,0,0,fev1
79,-0.237015369,0.123663383,0,0,fev1
79.25,-0.239134222,0.124684343,0,0,fev1
79.5,-0.241247772,0.125702303,0,0,fev1
79.75,-0.243355983,0.126717271,0,0,fev1
80,-0.245458821,0.127729251,0,0,fev1
80.25,-0.247556253,0.128738251,0,0,fev1
80.5,-0.249648246,0.129744276,0,0,fev1
80.75,-0.25173477,0.130747332,0,0,fev1
81,-0.253815793,0.131747427,0,0,fev1
81.25,-0.255891285,0.132744566,0,0,fev1
81.5,-0.257961216,0.133738754,0,0,fev1
81.75,-0.260025561,0.13473,0,0,fev1
82,-0.262084298,0.135718311,0,0,fev1
82.25,-0.264137422,0.136703698,0,0,fev1
82.5,-0.266184957,0.137686177,0,0,fev1
82.75,-0.268226925,0.138665764,0,0,fev1
83,-0.270263347,0.139642476,0,0,fev1
83.25,-0.272294244,0.140616328,0,0,fev1
83.5,-0.274319637,0.141587335,0,0,fev1
83.75,-0.276339547,0.142555514,0,0,fev1
84,-0.278353995,0.143520879,0,0,fev1
84.25,-0.280363001,0.144483446,0,0,fev1
84.5,-0.282366587,0.145443229,0,0,fev1
84.75,-0.284364773,0.146400245,0,0,fev1
85,-0.286357579,0.147354507,0,0,fev1
85.25,-0.288345026,0.148306031,0,0,fev1
85.5,-0.290327134,0.14925483,0,0,fev1
85.75,-0.292303924,0.150200921,0,0,fev1
86,-0.294275416,0.151144316,0,0,fev1
86.25,-0.29624163,0.15208503,0,0,fev1
86.5,-0.298202585,0.153023078,0,0,fev1
86.75,-0.300158303,0.153958474,0,0,fev1
87,-0.302108801,0.154891231,0,0,fev1
87.25,-0.304054102,0.155821363,0,0,fev1
87.5,-0.305994223,0.156748885,0,0,fev1
87.75,-0.307929185,0.157673809,0,0,fev1
88,-0.309859007,0.158596149,0,0,fev1
88.25,-0.311783708,0.159515919,0,0,fev1
88.5,-0.313703308,0.160433132,0,0,fev1
88.75,-0.315617827,0.161347801,0,0,fev1
89,-0.317527283,0.162259939,0,0,fev1
89.25,-0.319431695,0.163169559,0,0,fev1
89.5,-0.321331082,0.164076675,0,0,fev1
89.75,-0.323225463,0.164981299,0,0,fev1
90,-0.325114858,0.165883443,0,0,fev1
90.25,-0.326999284,0.166783121,0,0,fev1
90.5,-0.328878761,0.167680344,0,0,fev1
90.75,-0.330753307,0.168575126,0,0,fev1
91,-0.33262294,0.169467478,0,0,fev1
91.25,-0.334487678,0.170357413,0,0,fev1
91.5,-0.33634754,0.171244943,0,0,fev1
91.75,-0.338202546,0.17213008,0,0,fev1
92,-0.340052714,0.173012837,0,0,fev1
92.25,-0.341898062,0.173893224,0,0,fev1
92.5,-0.343738606,0.174771254,0,0,fev1
92.75,-0.345574362,0.175646938,0,0,fev1
93,-0.347405345,0.176520288,0,0,fev1
93.25,-0.349231572,0.177391314,0,0,fev1
93.5,-0.351053069,0.178260029,0,0,fev1
93.75,-0.352869862,0.179126446,0,0,fev1
94,-0.354681976,0.179990577,0,0,fev1
94.25,-0.356489432,0.180852434,0,0,fev1
94.5,-0.35829222,0.181712024,0,0,fev1
94.75,-0.360090325,0.182569354,0,0,fev1
95,-0.361883731,0.18342443,0,0,fev1
3,-0.1363555,0.26866539,0,0,fvc
3.25,-0.130340375,0.247291282,0,0,fvc
3.5,-0.124785631,0.227528531,0,0,fvc
3.75,-0.119643489,0.20917695,0,0,fvc
4,-0.114895727,0.192097646,0,0,fvc
4.25,-0.110526126,0.17617495,0,0,fvc
4.5,-0.106513199,0.161313729,0,0,fvc
4.75,-0.102829502,0.147444278,0,0,fvc
5,-0.099449108,0.134502704,0,0,fvc
5.25,-0.096345693,0.122430067,0,0,fvc
5.5,-0.093472868,0.111182404,0,0,fvc
5.75,-0.0907817,0.100721949,0,0,fvc
6,-0.088232796,0.091010919,0,0,fvc
6.25,-0.085793991,0.082012215,0,0,fvc
6.5,-0.083434478,0.073690041,0,0,fvc
6.75,-0.081126101,0.066010098,0,0,fvc
7,-0.078846087,0.05893963,0,0,fvc
7.25,-0.076576069,0.052447494,0,0,fvc
7.5,-0.074300659,0.04650368,0,0,fvc
7.75,-0.072000631,0.041073944,0,0,fvc
8,-0.069656094,0.036122984,0,0,fvc
8.25,-0.067250948,0.031618633,0,0,fvc
8.5,-0.064772293,0.027531571,0,0,fvc
8.75,-0.062209869,0.023835014,0,0,fvc
9,-0.059555991,0.020503561,0,0,fvc
9.25,-0.056809052,0.017504253,0,0,fvc
9.5,-0.053970895,0.014801576,0,0,fvc
9.75,-0.051043609,0.012363893,0,0,fvc
10,-0.048029429,0.010163041,0,0,fvc
10.25,-0.044930688,0.008173904,0,0,fvc
10.5,-0.041749781,0.006374035,0,0,fvc
10.75,-0.038489347,0.004743263,0,0,fvc
11,-0.035157502,0.003261599,0,0,fvc
11.25,-0.031767429,0.001909129,0,0,fvc
11.5,-0.028331151,0.000667958,0,0,fvc
11.75,-0.024859376,-0.000477921,0,0,fvc
12,-0.021361643,-0.001542841,0,0,fvc
12.25,-0.017846457,-0.00253965,0,0,fvc
12.5,-0.014321405,-0.003479867,0,0,fvc
12.75,-0.010793251,-0.004373833,0,0,fvc
13,-0.007268505,-0.00523079,0,0,fvc
13.25,-0.003756437,-0.006058712,0,0,fvc
13.5,-0.000266838,-0.006864622,0,0,fvc
13.75,0.003191571,-0.007654838,0,0,fvc
14,0.00661104,-0.008435044,0,0,fvc
14.25,0.009984681,-0.009210354,0,0,fvc
14.5,0.013306389,-0.009985369,0,0,fvc
14.75,0.016570757,-0.010764225,0,0,fvc
15,0.019773006,-0.011550642,0,0,fvc
15.25,0.022908924,-0.01234796,0,0,fvc
15.5,0.025974817,-0.013159162,0,0,fvc
15.75,0.02896791,-0.013986062,0,0,fvc
16,0.031886451,-0.014829047,0,0,fvc
16.25,0.034729011,-0.015688345,0,0,fvc
16.5,0.037494406,-0.016564132,0,0,fvc
16.75,0.040181666,-0.017456541,0,0,fvc
17,0.042790016,-0.018365664,0,0,fvc
17.25,0.045318858,-0.019291558,0,0,fvc
17.5,0.047767752,-0.020234248,0,0,fvc
17.75,0.0501364,-0.02119373,0,0,fvc
18,0.05242463,-0.022169975,0,0,fvc
18.25,0.054632386,-0.023162931,0,0,fvc
18.5,0.056759717,-0.024172528,0,0,fvc
18.75,0.058806964,-0.025198482,0,0,fvc
19,0.060776064,-0.026239075,0,0,fvc
19.25,0.062669582,-0.02729205,0,0,fvc
19.5,0.064489976,-0.028355303,0,0,fvc
19.75,0.066239598,-0.029426871,0,0,fvc
20,0.067920702,-0.030504927,0,0,fvc
20.25,0.069535447,-0.031587769,0,0,fvc
20.5,0.071085903,-0.03267381,0,0,fvc
20.75,0.072574055,-0.033761571,0,0,fvc
21,0.074001808,-0.034849674,0,0,fvc
21.25,0.075370992,-0.035936835,0,0,fvc
21.5,0.076683362,-0.037021857,0,0,fvc
21.75,0.077940607,-0.038103626,0,0,fvc
22,0.07914435,-0.039181104,0,0,fvc
22.25,0.080296151,-0.040253324,0,0,fvc
22.5,0.081397515,-0.041319333,0,0,fvc
22.75,0.082449915,-0.042377635,0,0,fvc
23,0.083454792,-0.043426446,0,0,fvc
23.25,0.084413528,-0.044464093,0,0,fvc
23.5,0.085327456,-0.04548902,0,0,fvc
23.75,0.08619786,-0.046499773,0,0,fvc
24,0.087025974,-0.047495,0,0,fvc
24.25,0.087812991,-0.048473443,0,0,fvc
24.5,0.08856006,-0.049433929,0,0,fvc
24.75,0.089268287,-0.050375369,0,0,fvc
25,0.089938741,-0.051296751,0,0,fvc
25.25,0.090572454,-0.052197135,0,0,fvc
25.5,0.09117042,-0.053075649,0,0,fvc
25.75,0.091733602,-0.053931487,0,0,fvc
26,0.092262928,-0.0547639,0,0,fvc
26.25,0.092759294,-0.055572198,0,0,fvc
26.5,0.093223569,-0.056355743,0,0,fvc
26.75,0.093656591,-0.057113947,0,0,fvc
27,0.094059159,-0.057846269,0,0,fvc
27.25,0.094431748,-0.058552184,0,0,fvc
27.5,0.094774488,-0.059231177,0,0,fvc
27.75,0.095087501,-0.059882776,0,0,fvc
28,0.095370919,-0.060506549,0,0,fvc
28.25,0.095624883,-0.0611021,0,0,fvc
28.5,0.095849543,-0.061669069,0,0,fvc
28.75,0.096045056,-0.062207131,0,0,fvc
29,0.096211588,-0.062715991,0,0,fvc
29.25,0.096349308,-0.063195385,0,0,fvc
29.5,0.096458395,-0.063645074,0,0,fvc
29.75,0.09653903,-0.06406485,0,0,fvc
30,0.0965914,-0.064454526,0,0,fvc
30.25,0.096615698,-0.064813939,0,0,fvc
30.5,0.096612118,-0.065142951,0,0,fvc
30.75,0.096580859,-0.065441441,0,0,fvc
31,0.096522124,-0.065709309,0,0,fvc
31.25,0.096436118,-0.065946474,0,0,fvc
31.5,0.096323047,-0.066152873,0,0,fvc
31.75,0.096183123,-0.066328456,0,0,fvc
32,0.096016555,-0.066473193,0,0,fvc
32.25,0.095823558,-0.066587065,0,0,fvc
32.5,0.09560434,-0.066670075,0,0,fvc
32.75,0.095358993,-0.066722374,0,0,fvc
33,0.095087507,-0.066744244,0,0,fvc
33.25,0.094789882,-0.066735971,0,0,fvc
33.5,0.094466124,-0.066697839,0,0,fvc
33.75,0.094116253,-0.066630132,0,0,fvc
34,0.093740296,-0.066533134,0,0,fvc
34.25,0.09333829,-0.066407124,0,0,fvc
34.5,0.092910278,-0.066252384,0,0,fvc
34.75,0.092456314,-0.066069192,0,0,fvc
35,0.091976457,-0.065857825,0,0,fvc
35.25,0.091470772,-0.065618558,0,0,fvc
35.5,0.090939334,-0.065351665,0,0,fvc
35.75,0.09038222,-0.065057419,0,0,fvc
36,0.089799516,-0.064736088,0,0,fvc
36.25,0.089191311,-0.064387941,0,0,fvc
36.5,0.0885577,-0.064013245,0,0,fvc
36.75,0.087898782,-0.063612263,0,0,fvc
37,0.087214661,-0.063185257,0,0,fvc
37.25,0.086505445,-0.062732488,0,0,fvc
37.5,0.085771246,-0.062254213,0,0,fvc
37.75,0.085012178,-0.061750689,0,0,fvc
38,0.084228359,-0.061222168,0,0,fvc
38.25,0.083419913,-0.060668902,0,0,fvc
38.5,0.082586962,-0.060091139,0,0,fvc
38.75,0.081729634,-0.059489128,0,0,fvc
39,0.080848058,-0.058863112,0,0,fvc
39.25,0.079942413,-0.058213429,0,0,fvc
39.5,0.079013007,-0.05754066,0,0,fvc
39.75,0.078060162,-0.056845411,0,0,fvc
40,0.077084193,-0.056128272,0,0,fvc
40.25,0.076085413,-0.055389816,0,0,fvc
40.5,0.075064129,-0.054630604,0,0,fvc
40.75,0.074020641,-0.053851178,0,0,fvc
41,0.072955247,-0.053052068,0,0,fvc
41.25,0.071868237,-0.052233791,0,0,fvc
41.5,0.0707599,-0.05139685,0,0,fvc
41.75,0.069630518,-0.050541732,0,0,fvc
42,0.068480368,-0.049668916,0,0,fvc
42.25,0.067309723,-0.048778866,0,0,fvc
42.5,0.066118854,-0.047872033,0,0,fvc
42.75,0.064908025,-0.04694886,0,0,fvc
43,0.063677496,-0.046009776,0,0,fvc
43.25,0.062427524,-0.0450552,0,0,fvc
43.5,0.061158361,-0.04408554,0,0,fvc
43.75,0.059870257,-0.043101194,0,0,fvc
44,0.058563454,-0.042102551,0,0,fvc
44.25,0.057238196,-0.041089988,0,0,fvc
44.5,0.055894717,-0.040063875,0,0,fvc
44.75,0.054533253,-0.039024572,0,0,fvc
45,0.053154032,-0.037972429,0,0,fvc
45.25,0.051757281,-0.036907788,0,0,fvc
45.5,0.050343224,-0.035830985,0,0,fvc
45.75,0.048912078,-0.034742344,0,0,fvc
46,0.047464061,-0.033642183,0,0,fvc
46.25,0.045999385,-0.032530813,0,0,fvc
46.5,0.044518261,-0.031408536,0,0,fvc
46.75,0.043020893,-0.030275648,0,0,fvc
47,0.041507489,-0.029132437,0,0,fvc
47.25,0.039978359,-0.02797925,0,0,fvc
47.5,0.038433958,-0.026816511,0,0,fvc
47.75,0.036874743,-0.025644638,0,0,fvc
48,0.035301158,-0.024464041,0,0,fvc
48.25,0.033713638,-0.023275117,0,0,fvc
48.5,0.032112605,-0.022078252,0,0,fvc
48.75,0.030498473,-0.020873824,0,0,fvc
49,0.028871645,-0.0196622,0,0,fvc
49.25,0.027232515,-0.018443737,0,0,fvc
49.5,0.025581467,-0.017218782,0,0,fvc
49.75,0.023918876,-0.015987674,0,0,fvc
50,0.022245107,-0.014750744,0,0,fvc
50.25,0.020560519,-0.013508312,0,0,fvc
50.5,0.018865459,-0.012260691,0,0,fvc
50.75,0.017160268,-0.011008186,0,0,fvc
51,0.015445279,-0.009751093,0,0,fvc
51.25,0.013720817,-0.008489702,0,0,fvc
51.5,0.011987197,-0.007224294,0,0,fvc
51.75,0.010244731,-0.005955144,0,0,fvc
52,0.008493719,-0.004682517,0,0,fvc
52.25,0.006734458,-0.003406675,0,0,fvc
52.5,0.004967235,-0.002127871,0,0,fvc
52.75,0.003192332,-0.000846351,0,0,fvc
53,0.001410025,0.000437644,0,0,fvc
53.25,-0.000379418,0.00172388,0,0,fvc
53.5,-0.002175735,0.003012129,0,0,fvc
53.75,-0.003978669,0.004302168,0,0,fvc
54,-0.00578797,0.005593781,0,0,fvc
54.25,-0.007603392,0.006886757,0,0,fvc
54.5,-0.009424698,0.008180891,0,0,fvc
54.75,-0.011251653,0.009475983,0,0,fvc
55,-0.013084028,0.010771837,0,0,fvc
55.25,-0.014921602,0.012068264,0,0,fvc
55.5,-0.016764155,0.013365079,0,0,fvc
55.75,-0.018611475,0.0146621,0,0,fvc
56,-0.020463354,0.015959154,0,0,fvc
56.25,-0.022319588,0.017256069,0,0,fvc
56.5,-0.024179978,0.018552678,0,0,fvc
56.75,-0.026044315,0.019848832,0,0,fvc
57,-0.02791235,0.021144425,0,0,fvc
57.25,-0.029783834,0.022439359,0,0,fvc
57.5,-0.031658522,0.023733539,0,0,fvc
57.75,-0.033536175,0.025026872,0,0,fvc
58,-0.035416563,0.026319268,0,0,fvc
58.25,-0.037299456,0.027610639,0,0,fvc
58.5,-0.039184634,0.028900899,0,0,fvc
58.75,-0.04107188,0.030189965,0,0,fvc
59,-0.042960981,0.031477755,0,0,fvc
59.25,-0.044851733,0.032764191,0,0,fvc
59.5,-0.046743931,0.034049194,0,0,fvc
59.75,-0.048637381,0.035332691,0,0,fvc
60,-0.050531888,0.036614607,0,0,fvc
60.25,-0.052427266,0.037894872,0,0,fvc
60.5,-0.05432333,0.039173416,0,0,fvc
60.75,-0.056219901,0.040450171,0,0,fvc
61,-0.058116805,0.041725073,0,0,fvc
61.25,-0.060013871,0.042998056,0,0,fvc
61.5,-0.06191093,0.044269058,0,0,fvc
61.75,-0.063807822,0.045538019,0,0,fvc
62,-0.065704385,0.04680488,0,0,fvc
62.25,-0.067600465,0.048069582,0,0,fvc
62.5,-0.06949591,0.049332071,0,0,fvc
62.75,-0.071390571,0.050592291,0,0,fvc
63,-0.073284305,0.051850189,0,0,fvc
63.25,-0.075176968,0.053105715,0,0,fvc
63.5,-0.077068425,0.054358817,0,0,fvc
63.75,-0.078958538,0.055609447,0,0,fvc
64,-0.080847178,0.056857557,0,0,fvc
64.25,-0.082734215,0.058103101,0,0,fvc
64.5,-0.084619524,0.059346035,0,0,fvc
64.75,-0.086502983,0.060586313,0,0,fvc
65,-0.088384471,0.061823895,0,0,fvc
65.25,-0.090263873,0.063058739,0,0,fvc
65.5,-0.092141073,0.064290804,0,0,fvc
65.75,-0.094015961,0.065520051,0,0,fvc
66,-0.095888429,0.066746443,0,0,fvc
66.25,-0.097758369,0.067969942,0,0,fvc
66.5,-0.099625679,0.069190513,0,0,fvc
66.75,-0.101490257,0.070408121,0,0,fvc
67,-0.103352005,0.071622733,0,0,fvc
67.25,-0.105210826,0.072834314,0,0,fvc
67.5,-0.107066628,0.074042835,0,0,fvc
67.75,-0.108919317,0.075248263,0,0,fvc
68,-0.110768804,0.076450568,0,0,fvc
68.25,-0.112615011,0.077649728,0,0,fvc
68.5,-0.114457883,0.078845736,0,0,fvc
68.75,-0.116297374,0.08003859,0,0,fvc
69,-0.118133438,0.08122829,0,0,fvc
69.25,-0.119966031,0.082414833,0,0,fvc
69.5,-0.121795108,0.083598218,0,0,fvc
69.75,-0.123620628,0.084778446,0,0,fvc
70,-0.125442549,0.085955514,0,0,fvc
70.25,-0.127260832,0.087129423,0,0,fvc
70.5,-0.129075438,0.088300173,0,0,fvc
70.75,-0.130886328,0.089467764,0,0,fvc
71,-0.132693467,0.090632196,0,0,fvc
71.25,-0.134496818,0.09179347,0,0,fvc
71.5,-0.136296347,0.092951587,0,0,fvc
71.75,-0.138092019,0.094106547,0,0,fvc
72,-0.139883802,0.095258352,0,0,fvc
72.25,-0.141671663,0.096407003,0,0,fvc
72.5,-0.143455573,0.097552501,0,0,fvc
72.75,-0.145235501,0.09869485,0,0,fvc
73,-0.147011417,0.099834049,0,0,fvc
73.25,-0.148783293,0.100970102,0,0,fvc
73.5,-0.150551101,0.10210301,0,0,fvc
73.75,-0.152314816,0.103232777,0,0,fvc
74,-0.15407441,0.104359404,0,0,fvc
74.25,-0.155829859,0.105482895,0,0,fvc
74.5,-0.157581138,0.106603252,0,0,fvc
74.75,-0.159328224,0.107720478,0,0,fvc
75,-0.161071094,0.108834577,0,0,fvc
75.25,-0.162809725,0.109945552,0,0,fvc
75.5,-0.164544097,0.111053406,0,0,fvc
75.75,-0.166274187,0.112158143,0,0,fvc
76,-0.167999977,0.113259766,0,0,fvc
76.25,-0.169721446,0.11435828,0,0,fvc
76.5,-0.171438576,0.115453689,0,0,fvc
76.75,-0.173151349,0.116545995,0,0,fvc
77,-0.174859746,0.117635204,0,0,fvc
77.25,-0.176563752,0.11872132,0,0,fvc
77.5,-0.178263349,0.119804348,0,0,fvc
77.75,-0.179958522,0.120884291,0,0,fvc
78,-0.181649256,0.121961154,0,0,fvc
78.25,-0.183335535,0.123034943,0,0,fvc
78.5,-0.185017346,0.124105661,0,0,fvc
78.75,-0.186694676,0.125173314,0,0,fvc
79,-0.18836751,0.126237907,0,0,fvc
79.25,-0.190035837,0.127299444,0,0,fvc
79.5,-0.191699644,0.128357931,0,0,fvc
79.75,-0.19335892,0.129413374,0,0,fvc
80,-0.195013653,0.130465777,0,0,fvc
80.25,-0.196663833,0.131515145,0,0,fvc
80.5,-0.19830945,0.132561485,0,0,fvc
80.75,-0.199950494,0.133604802,0,0,fvc
81,-0.201586955,0.1346451,0,0,fvc
81.25,-0.203218825,0.135682387,0,0,fvc
81.5,-0.204846094,0.136716667,0,0,fvc
81.75,-0.206468755,0.137747947,0,0,fvc
82,-0.208086806,0.138776234,0,0,fvc
82.25,-0.20970025,0.139801537,0,0,fvc
82.5,-0.211309113,0.140823873,0,0,fvc
82.75,-0.212913414,0.141843256,0,0,fvc
83,-0.214513177,0.142859703,0,0,fvc
83.25,-0.216108421,0.143873227,0,0,fvc
83.5,-0.217699169,0.144883844,0,0,fvc
83.75,-0.219285441,0.145891569,0,0,fvc
84,-0.220867259,0.146896415,0,0,fvc
84.25,-0.222444642,0.147898398,0,0,fvc
84.5,-0.224017612,0.148897531,0,0,fvc
84.75,-0.225586189,0.14989383,0,0,fvc
85,-0.227150393,0.150887308,0,0,fvc
85.25,-0.228710245,0.15187798,0,0,fvc
85.5,-0.230265765,0.152865858,0,0,fvc
85.75,-0.231816972,0.153850958,0,0,fvc
86,-0.233363887,0.154833293,0,0,fvc
86.25,-0.234906529,0.155812877,0,0,fvc
86.5,-0.236444917,0.156789723,0,0,fvc
86.75,-0.237979072,0.157763845,0,0,fvc
87,-0.239509012,0.158735256,0,0,fvc
87.25,-0.241034757,0.159703969,0,0,fvc
87.5,-0.242556325,0.160669998,0,0,fvc
87.75,-0.244073737,0.161633355,0,0,fvc
88,-0.245587009,0.162594055,0,0,fvc
88.25,-0.247096162,0.163552108,0,0,fvc
88.5,-0.248601214,0.164507529,0,0,fvc
88.75,-0.250102182,0.165460331,0,0,fvc
89,-0.251599087,0.166410525,0,0,fvc
89.25,-0.253091945,0.167358124,0,0,fvc
89.5,-0.254580775,0.168303141,0,0,fvc
89.75,-0.256065595,0.169245588,0,0,fvc
90,-0.257546423,0.170185478,0,0,fvc
90.25,-0.259023276,0.171122822,0,0,fvc
90.5,-0.260496172,0.172057633,0,0,fvc
90.75,-0.26196513,0.172989923,0,0,fvc
91,-0.263430165,0.173919703,0,0,fvc
91.25,-0.264891295,0.174846986,0,0,fvc
91.5,-0.266348538,0.175771783,0,0,fvc
91.75,-0.267801912,0.176694106,0,0,fvc
92,-0.269251433,0.177613968,0,0,fvc
92.25,-0.270697118,0.178531378,0,0,fvc
92.5,-0.272138984,0.17944635,0,0,fvc
92.75,-0.273577046,0.180358892,0,0,fvc
93,-0.275011318,0.181269017,0,0,fvc
93.25,-0.276441819,0.182176735,0,0,fvc
93.5,-0.277868567,0.183082059,0,0,fvc
93.75,-0.279291582,0.183985002,0,0,fvc
94,-0.280710886,0.184885577,0,0,fvc
94.25,-0.282126496,0.185783796,0,0,fvc
94.5,-0.283538414,0.186679663,0,0,fvc
94.75,-0.28494664,0.187573182,0,0,fvc
95,-0.286351175,0.188464355,0,0,fvc
3,-0.061331402,0.080526237,0,0,fev1fvc
3.25,-0.0586948,0.077631527,0,0,fev1fvc
3.5,-0.05629471,0.074930735,0,0,fev1fvc
3.75,-0.054136353,0.072381303,0,0,fev1fvc
4,-0.052238231,0.069945704,0,0,fev1fvc
4.25,-0.050617499,0.067589726,0,0,fev1fvc
4.5,-0.049282672,0.065283288,0,0,fev1fvc
4.75,-0.048219205,0.063005418,0,0,fev1fvc
5,-0.047377481,0.060745687,0,0,fev1fvc
5.25,-0.046688189,0.058496974,0,0,fev1fvc
5.5,-0.04607661,0.05625979,0,0,fev1fvc
5.75,-0.045465508,0.054039438,0,0,fev1fvc
6,-0.044784354,0.051845823,0,0,fev1fvc
6.25,-0.043971271,0.049692078,0,0,fev1fvc
6.5,-0.042985884,0.047589678,0,0,fev1fvc
6.75,-0.041814784,0.045544128,0,0,fev1fvc
7,-0.040463834,0.043555518,0,0,fev1fvc
7.25,-0.038949462,0.041618684,0,0,fev1fvc
7.5,-0.037295078,0.039726691,0,0,fev1fvc
7.75,-0.035524481,0.037872312,0,0,fev1fvc
8,-0.03366171,0.03604702,0,0,fev1fvc
8.25,-0.031724711,0.034243441,0,0,fev1fvc
8.5,-0.029729011,0.032456688,0,0,fev1fvc
8.75,-0.027687148,0.030682778,0,0,fev1fvc
9,-0.025586344,0.028926881,0,0,fev1fvc
9.25,-0.023406558,0.02719917,0,0,fev1fvc
9.5,-0.02113614,0.025508116,0,0,fev1fvc
9.75,-0.018767629,0.023860817,0,0,fev1fvc
10,-0.01629574,0.022262836,0,0,fev1fvc
10.25,-0.013722736,0.020716771,0,0,fev1fvc
10.5,-0.011059755,0.019223017,0,0,fev1fvc
10.75,-0.008322245,0.017780285,0,0,fev1fvc
11,-0.005527463,0.016386321,0,0,fev1fvc
11.25,-0.002695117,0.015039025,0,0,fev1fvc
11.5,0.000152507,0.013735544,0,0,fev1fvc
11.75,0.002993425,0.012473357,0,0,fev1fvc
12,0.00580655,0.011249676,0,0,fev1fvc
12.25,0.008571826,0.010061673,0,0,fev1fvc
12.5,0.01126992,0.008906173,0,0,fev1fvc
12.75,0.013883133,0.00778063,0,0,fev1fvc
13,0.016396842,0.00668324,0,0,fev1fvc
13.25,0.018799062,0.005612291,0,0,fev1fvc
13.5,0.021079955,0.004566151,0,0,fev1fvc
13.75,0.023232615,0.003543593,0,0,fev1fvc
14,0.025252761,0.00254365,0,0,fev1fvc
14.25,0.027138565,0.001565448,0,0,fev1fvc
14.5,0.028889452,0.000607958,0,0,fev1fvc
14.75,0.030506261,-0.000329721,0,0,fev1fvc
15,0.031991009,-0.00124848,0,0,fev1fvc
15.25,0.033346812,-0.002149073,0,0,fev1fvc
15.5,0.034577516,-0.003032036,0,0,fev1fvc
15.75,0.035687564,-0.003897727,0,0,fev1fvc
16,0.036681939,-0.004746278,0,0,fev1fvc
16.25,0.037566018,-0.005577625,0,0,fev1fvc
16.5,0.038345273,-0.006391723,0,0,fev1fvc
16.75,0.039025155,-0.007188664,0,0,fev1fvc
17,0.039611046,-0.007968582,0,0,fev1fvc
17.25,0.040108339,-0.008731663,0,0,fev1fvc
17.5,0.040522416,-0.0094781,0,0,fev1fvc
17.75,0.040858451,-0.010208079,0,0,fev1fvc
18,0.041121214,-0.010921835,0,0,fev1fvc
18.25,0.041315187,-0.011619668,0,0,fev1fvc
18.5,0.041444392,-0.012302024,0,0,fev1fvc
18.75,0.041512563,-0.012969396,0,0,fev1fvc
19,0.041523375,-0.013622212,0,0,fev1fvc
19.25,0.041480594,-0.014260787,0,0,fev1fvc
19.5,0.041388018,-0.014885384,0,0,fev1fvc
19.75,0.041249279,-0.015496245,0,0,fev1fvc
20,0.041067832,-0.016093567,0,0,fev1fvc
20.25,0.040846973,-0.016677547,0,0,fev1fvc
20.5,0.040589982,-0.017248381,0,0,fev1fvc
20.75,0.04029999,-0.017806264,0,0,fev1fvc
21,0.039979943,-0.018351395,0,0,fev1fvc
21.25,0.039632607,-0.018883953,0,0,fev1fvc
21.5,0.039260496,-0.019404038,0,0,fev1fvc
21.75,0.038866043,-0.019911739,0,0,fev1fvc
22,0.038451661,-0.020407135,0,0,fev1fvc
22.25,0.038019647,-0.020890282,0,0,fev1fvc
22.5,0.03757198,-0.021361156,0,0,fev1fvc
22.75,0.037110507,-0.021819688,0,0,fev1fvc
23,0.036636994,-0.022265797,0,0,fev1fvc
23.25,0.036153054,-0.022699429,0,0,fev1fvc
23.5,0.035659967,-0.023120605,0,0,fev1fvc
23.75,0.035158884,-0.023529361,0,0,fev1fvc
24,0.034650922,-0.023925738,0,0,fev1fvc
24.25,0.034137106,-0.024309772,0,0,fev1fvc
24.5,0.033618194,-0.02468147,0,0,fev1fvc
24.75,0.033094916,-0.025040809,0,0,fev1fvc
25,0.032567993,-0.025387753,0,0,fev1fvc
25.25,0.032038124,-0.025722253,0,0,fev1fvc
25.5,0.03150591,-0.026044201,0,0,fev1fvc
25.75,0.03097194,-0.026353481,0,0,fev1fvc
26,0.030436775,-0.026649986,0,0,fev1fvc
26.25,0.029900922,-0.026933591,0,0,fev1fvc
26.5,0.029364778,-0.027204135,0,0,fev1fvc
26.75,0.028828721,-0.027461456,0,0,fev1fvc
27,0.028293127,-0.02770541,0,0,fev1fvc
27.25,0.02775831,-0.027935854,0,0,fev1fvc
27.5,0.027224383,-0.02815258,0,0,fev1fvc
27.75,0.026691425,-0.028355363,0,0,fev1fvc
28,0.026159498,-0.028543983,0,0,fev1fvc
28.25,0.025628669,-0.028718229,0,0,fev1fvc
28.5,0.025098954,-0.028877899,0,0,fev1fvc
28.75,0.024570364,-0.029022808,0,0,fev1fvc
29,0.024042924,-0.02915278,0,0,fev1fvc
29.25,0.023516679,-0.029267656,0,0,fev1fvc
29.5,0.022991634,-0.029367323,0,0,fev1fvc
29.75,0.022467786,-0.0294517,0,0,fev1fvc
30,0.021945143,-0.029520715,0,0,fev1fvc
30.25,0.021423732,-0.029574291,0,0,fev1fvc
30.5,0.020903543,-0.029612323,0,0,fev1fvc
30.75,0.020384574,-0.029634695,0,0,fev1fvc
31,0.019866836,-0.029641288,0,0,fev1fvc
31.25,0.019350344,-0.029631988,0,0,fev1fvc
31.5,0.018835079,-0.029606697,0,0,fev1fvc
31.75,0.01832102,-0.02956533,0,0,fev1fvc
32,0.017808159,-0.029507811,0,0,fev1fvc
32.25,0.017296508,-0.029434052,0,0,fev1fvc
32.5,0.016786103,-0.029343937,0,0,fev1fvc
32.75,0.016276995,-0.029237351,0,0,fev1fvc
33,0.015769248,-0.029114184,0,0,fev1fvc
33.25,0.015262907,-0.028974329,0,0,fev1fvc
33.5,0.014757941,-0.02881769,0,0,fev1fvc
33.75,0.01425432,-0.028644174,0,0,fev1fvc
34,0.01375205,-0.028453694,0,0,fev1fvc
34.25,0.013251166,-0.028246166,0,0,fev1fvc
34.5,0.012751779,-0.028021478,0,0,fev1fvc
34.75,0.012254028,-0.027779521,0,0,fev1fvc
35,0.01175805,-0.027520198,0,0,fev1fvc
35.25,0.01126399,-0.027243418,0,0,fev1fvc
35.5,0.010772024,-0.026949102,0,0,fev1fvc
35.75,0.010282322,-0.026637179,0,0,fev1fvc
36,0.009795055,-0.026307581,0,0,fev1fvc
36.25,0.009310404,-0.025960248,0,0,fev1fvc
36.5,0.008828527,-0.025595139,0,0,fev1fvc
36.75,0.008349571,-0.025212224,0,0,fev1fvc
37,0.007873685,-0.024811479,0,0,fev1fvc
37.25,0.007401022,-0.024392889,0,0,fev1fvc
37.5,0.006931769,-0.023956434,0,0,fev1fvc
37.75,0.006466103,-0.023502104,0,0,fev1fvc
38,0.006004177,-0.02302989,0,0,fev1fvc
38.25,0.005546138,-0.022539783,0,0,fev1fvc
38.5,0.005092181,-0.022031774,0,0,fev1fvc
38.75,0.004642508,-0.021505862,0,0,fev1fvc
39,0.004197303,-0.020962052,0,0,fev1fvc
39.25,0.003756737,-0.020400368,0,0,fev1fvc
39.5,0.003320988,-0.019820854,0,0,fev1fvc
39.75,0.002890241,-0.019223559,0,0,fev1fvc
40,0.002464665,-0.018608539,0,0,fev1fvc
40.25,0.002044417,-0.017975858,0,0,fev1fvc
40.5,0.001629632,-0.01732559,0,0,fev1fvc
40.75,0.001220432,-0.016657815,0,0,fev1fvc
41,0.000816928,-0.015972615,0,0,fev1fvc
41.25,0.00041921,-0.015270087,0,0,fev1fvc
41.5,2.73E-05,-0.014550367,0,0,fev1fvc
41.75,-0.000358627,-0.013813603,0,0,fev1fvc
42,-0.000738675,-0.013059946,0,0,fev1fvc
42.25,-0.001112787,-0.012289555,0,0,fev1fvc
42.5,-0.001480951,-0.011502605,0,0,fev1fvc
42.75,-0.001843151,-0.010699277,0,0,fev1fvc
43,-0.002199378,-0.009879752,0,0,fev1fvc
43.25,-0.002549641,-0.009044224,0,0,fev1fvc
43.5,-0.002893988,-0.008192897,0,0,fev1fvc
43.75,-0.003232475,-0.00732597,0,0,fev1fvc
44,-0.00356516,-0.006443637,0,0,fev1fvc
44.25,-0.0038921,-0.005546084,0,0,fev1fvc
44.5,-0.004213344,-0.004633501,0,0,fev1fvc
44.75,-0.004528952,-0.003706078,0,0,fev1fvc
45,-0.004838988,-0.002764011,0,0,fev1fvc
45.25,-0.005143522,-0.001807502,0,0,fev1fvc
45.5,-0.005442638,-0.000836784,0,0,fev1fvc
45.75,-0.00573643,0.000147902,0,0,fev1fvc
46,-0.006024997,0.00114632,0,0,fev1fvc
46.25,-0.006308443,0.002158235,0,0,fev1fvc
46.5,-0.006586866,0.003183381,0,0,fev1fvc
46.75,-0.006860371,0.004221496,0,0,fev1fvc
47,-0.007129056,0.005272321,0,0,fev1fvc
47.25,-0.007393018,0.006335607,0,0,fev1fvc
47.5,-0.00765236,0.007411112,0,0,fev1fvc
47.75,-0.007907195,0.008498597,0,0,fev1fvc
48,-0.008157648,0.009597827,0,0,fev1fvc
48.25,-0.008403846,0.010708564,0,0,fev1fvc
48.5,-0.008645925,0.011830572,0,0,fev1fvc
48.75,-0.00888402,0.012963615,0,0,fev1fvc
49,-0.00911827,0.014107461,0,0,fev1fvc
49.25,-0.009348818,0.015261871,0,0,fev1fvc
49.5,-0.00957581,0.016426599,0,0,fev1fvc
49.75,-0.009799396,0.017601398,0,0,fev1fvc
50,-0.010019727,0.018786028,0,0,fev1fvc
50.25,-0.010236954,0.019980255,0,0,fev1fvc
50.5,-0.010451222,0.021183826,0,0,fev1fvc
50.75,-0.010662676,0.022396491,0,0,fev1fvc
51,-0.01087146,0.023618005,0,0,fev1fvc
51.25,-0.011077715,0.024848125,0,0,fev1fvc
51.5,-0.011281555,0.026086606,0,0,fev1fvc
51.75,-0.011483091,0.02733321,0,0,fev1fvc
52,-0.011682432,0.028587701,0,0,fev1fvc
52.25,-0.01187968,0.029849846,0,0,fev1fvc
52.5,-0.012074924,0.03111941,0,0,fev1fvc
52.75,-0.012268251,0.032396162,0,0,fev1fvc
53,-0.012459748,0.033679874,0,0,fev1fvc
53.25,-0.012649491,0.034970326,0,0,fev1fvc
53.5,-0.012837537,0.036267301,0,0,fev1fvc
53.75,-0.01302394,0.037570585,0,0,fev1fvc
54,-0.013208761,0.038879969,0,0,fev1fvc
54.25,-0.013392062,0.040195248,0,0,fev1fvc
54.5,-0.013573893,0.041516215,0,0,fev1fvc
54.75,-0.013754304,0.042842662,0,0,fev1fvc
55,-0.01393335,0.044174387,0,0,fev1fvc
55.25,-0.014111084,0.045511192,0,0,fev1fvc
55.5,-0.014287556,0.046852881,0,0,fev1fvc
55.75,-0.014462815,0.048199257,0,0,fev1fvc
56,-0.014636918,0.04955013,0,0,fev1fvc
56.25,-0.014809924,0.050905309,0,0,fev1fvc
56.5,-0.014981895,0.052264604,0,0,fev1fvc
56.75,-0.015152899,0.053627827,0,0,fev1fvc
57,-0.01532301,0.054994794,0,0,fev1fvc
57.25,-0.015492302,0.056365323,0,0,fev1fvc
57.5,-0.015660839,0.057739236,0,0,fev1fvc
57.75,-0.015828683,0.059116358,0,0,fev1fvc
58,-0.015995898,0.060496516,0,0,fev1fvc
58.25,-0.016162545,0.061879537,0,0,fev1fvc
58.5,-0.016328682,0.06326524,0,0,fev1fvc
58.75,-0.016494366,0.064653451,0,0,fev1fvc
59,-0.016659657,0.066043998,0,0,fev1fvc
59.25,-0.01682462,0.067436715,0,0,fev1fvc
59.5,-0.01698932,0.068831428,0,0,fev1fvc
59.75,-0.017153831,0.070227968,0,0,fev1fvc
60,-0.01731823,0.071626168,0,0,fev1fvc
60.25,-0.017482588,0.073025865,0,0,fev1fvc
60.5,-0.017646951,0.074426892,0,0,fev1fvc
60.75,-0.01781136,0.075829089,0,0,fev1fvc
61,-0.017975858,0.077232297,0,0,fev1fvc
61.25,-0.018140484,0.078636368,0,0,fev1fvc
61.5,-0.018305268,0.080041161,0,0,fev1fvc
61.75,-0.018470239,0.081446545,0,0,fev1fvc
62,-0.018635432,0.082852388,0,0,fev1fvc
62.25,-0.018800877,0.084258563,0,0,fev1fvc
62.5,-0.018966578,0.085664945,0,0,fev1fvc
62.75,-0.019132535,0.087071413,0,0,fev1fvc
63,-0.019298747,0.088477845,0,0,fev1fvc
63.25,-0.019465208,0.089884128,0,0,fev1fvc
63.5,-0.019631899,0.091290157,0,0,fev1fvc
63.75,-0.019798795,0.09269583,0,0,fev1fvc
64,-0.019965877,0.09410105,0,0,fev1fvc
64.25,-0.020133126,0.095505717,0,0,fev1fvc
64.5,-0.020300525,0.096909732,0,0,fev1fvc
64.75,-0.02046806,0.098312995,0,0,fev1fvc
65,-0.020635719,0.099715411,0,0,fev1fvc
65.25,-0.02080349,0.101116884,0,0,fev1fvc
65.5,-0.020971356,0.102517317,0,0,fev1fvc
65.75,-0.021139302,0.103916611,0,0,fev1fvc
66,-0.021307311,0.105314674,0,0,fev1fvc
66.25,-0.021475369,0.106711416,0,0,fev1fvc
66.5,-0.021643451,0.108106747,0,0,fev1fvc
66.75,-0.021811533,0.109500577,0,0,fev1fvc
67,-0.021979595,0.110892819,0,0,fev1fvc
67.25,-0.022147612,0.112283384,0,0,fev1fvc
67.5,-0.022315553,0.113672192,0,0,fev1fvc
67.75,-0.022483386,0.115059161,0,0,fev1fvc
68,-0.022651077,0.116444212,0,0,fev1fvc
68.25,-0.022818598,0.117827268,0,0,fev1fvc
68.5,-0.022985915,0.119208245,0,0,fev1fvc
68.75,-0.023153002,0.120587065,0,0,fev1fvc
69,-0.023319829,0.121963649,0,0,fev1fvc
69.25,-0.023486374,0.12333792,0,0,fev1fvc
69.5,-0.023652621,0.1247098,0,0,fev1fvc
69.75,-0.023818555,0.126079215,0,0,fev1fvc
70,-0.023984162,0.127446089,0,0,fev1fvc
70.25,-0.024149428,0.128810351,0,0,fev1fvc
70.5,-0.024314338,0.130171928,0,0,fev1fvc
70.75,-0.024478877,0.131530751,0,0,fev1fvc
71,-0.024643034,0.132886752,0,0,fev1fvc
71.25,-0.024806795,0.134239865,0,0,fev1fvc
71.5,-0.024970152,0.135590027,0,0,fev1fvc
71.75,-0.025133096,0.136937182,0,0,fev1fvc
72,-0.025295621,0.138281271,0,0,fev1fvc
72.25,-0.02545772,0.139622242,0,0,fev1fvc
72.5,-0.025619382,0.140960047,0,0,fev1fvc
72.75,-0.025780598,0.142294642,0,0,fev1fvc
73,-0.025941356,0.143625983,0,0,fev1fvc
73.25,-0.026101648,0.14495403,0,0,fev1fvc
73.5,-0.026261463,0.146278747,0,0,fev1fvc
73.75,-0.026420794,0.147600102,0,0,fev1fvc
74,-0.026579634,0.148918067,0,0,fev1fvc
74.25,-0.026737975,0.150232614,0,0,fev1fvc
74.5,-0.026895807,0.151543718,0,0,fev1fvc
74.75,-0.027053119,0.152851361,0,0,fev1fvc
75,-0.027209901,0.154155521,0,0,fev1fvc
75.25,-0.027366145,0.15545618,0,0,fev1fvc
75.5,-0.027521847,0.156753321,0,0,fev1fvc
75.75,-0.027677003,0.158046926,0,0,fev1fvc
76,-0.02783161,0.159336978,0,0,fev1fvc
76.25,-0.027985665,0.160623465,0,0,fev1fvc
76.5,-0.028139166,0.161906378,0,0,fev1fvc
76.75,-0.028292108,0.163185714,0,0,fev1fvc
77,-0.028444489,0.164461469,0,0,fev1fvc
77.25,-0.028596309,0.165733639,0,0,fev1fvc
77.5,-0.02874757,0.167002219,0,0,fev1fvc
77.75,-0.028898276,0.168267206,0,0,fev1fvc
78,-0.02904843,0.169528598,0,0,fev1fvc
78.25,-0.029198036,0.17078639,0,0,fev1fvc
78.5,-0.029347098,0.172040582,0,0,fev1fvc
78.75,-0.029495622,0.173291176,0,0,fev1fvc
79,-0.029643611,0.174538172,0,0,fev1fvc
79.25,-0.029791072,0.17578157,0,0,fev1fvc
79.5,-0.02993801,0.177021374,0,0,fev1fvc
79.75,-0.030084434,0.178257586,0,0,fev1fvc
80,-0.030230349,0.179490209,0,0,fev1fvc
80.25,-0.030375763,0.180719247,0,0,fev1fvc
80.5,-0.030520683,0.181944707,0,0,fev1fvc
80.75,-0.030665117,0.183166598,0,0,fev1fvc
81,-0.030809071,0.184384927,0,0,fev1fvc
81.25,-0.030952553,0.185599703,0,0,fev1fvc
81.5,-0.031095568,0.186810938,0,0,fev1fvc
81.75,-0.031238121,0.188018641,0,0,fev1fvc
82,-0.031380217,0.189222825,0,0,fev1fvc
82.25,-0.03152186,0.190423499,0,0,fev1fvc
82.5,-0.031663056,0.191620676,0,0,fev1fvc
82.75,-0.031803809,0.19281437,0,0,fev1fvc
83,-0.031944124,0.194004593,0,0,fev1fvc
83.25,-0.032084005,0.195191357,0,0,fev1fvc
83.5,-0.032223458,0.196374678,0,0,fev1fvc
83.75,-0.032362486,0.197554569,0,0,fev1fvc
84,-0.032501094,0.198731045,0,0,fev1fvc
84.25,-0.032639284,0.199904121,0,0,fev1fvc
84.5,-0.032777061,0.20107381,0,0,fev1fvc
84.75,-0.03291443,0.202240127,0,0,fev1fvc
85,-0.033051396,0.203403085,0,0,fev1fvc
85.25,-0.033187962,0.2045627,0,0,fev1fvc
85.5,-0.033324132,0.205718986,0,0,fev1fvc
85.75,-0.033459907,0.20687196,0,0,fev1fvc
86,-0.033595289,0.208021636,0,0,fev1fvc
86.25,-0.033730282,0.209168031,0,0,fev1fvc
86.5,-0.033864887,0.210311159,0,0,fev1fvc
86.75,-0.033999107,0.211451037,0,0,fev1fvc
87,-0.034132946,0.21258768,0,0,fev1fvc
87.25,-0.034266406,0.213721103,0,0,fev1fvc
87.5,-0.03439949,0.214851322,0,0,fev1fvc
87.75,-0.034532202,0.215978351,0,0,fev1fvc
88,-0.034664545,0.217102204,0,0,fev1fvc
88.25,-0.034796522,0.218222898,0,0,fev1fvc
88.5,-0.034928135,0.219340446,0,0,fev1fvc
88.75,-0.035059386,0.220454866,0,0,fev1fvc
89,-0.035190276,0.221566172,0,0,fev1fvc
89.25,-0.035320808,0.222674379,0,0,fev1fvc
89.5,-0.035450981,0.223779504,0,0,fev1fvc
89.75,-0.035580799,0.224881562,0,0,fev1fvc
90,-0.035710262,0.22598057,0,0,fev1fvc
90.25,-0.035839373,0.227076542,0,0,fev1fvc
90.5,-0.035968132,0.228169494,0,0,fev1fvc
90.75,-0.03609654,0.229259442,0,0,fev1fvc
91,-0.0362246,0.2303464,0,0,fev1fvc
91.25,-0.036352313,0.231430384,0,0,fev1fvc
91.5,-0.03647968,0.23251141,0,0,fev1fvc
91.75,-0.036606703,0.233589493,0,0,fev1fvc
92,-0.036733383,0.234664648,0,0,fev1fvc
92.25,-0.036859721,0.23573689,0,0,fev1fvc
92.5,-0.03698572,0.236806235,0,0,fev1fvc
92.75,-0.037111381,0.237872698,0,0,fev1fvc
93,-0.037236705,0.238936294,0,0,fev1fvc
93.25,-0.037361694,0.239997039,0,0,fev1fvc
93.5,-0.03748635,0.241054946,0,0,fev1fvc
93.75,-0.037610673,0.242110032,0,0,fev1fvc
94,-0.037734667,0.24316231,0,0,fev1fvc
94.25,-0.037858332,0.244211795,0,0,fev1fvc
94.5,-0.037981669,0.245258502,0,0,fev1fvc
94.75,-0.038104681,0.246302444,0,0,fev1fvc
95,-0.038227369,0.247343636,0,0,fev1fvc
